食品番号,食品名,データソース(IDEA等),担当者,"TMR係数
(kg-TMR/kg)","GWP
(kg-CO2-eq/kg)","反応性窒素
(kg-NOx/kg)","カロリー
(kcal/kg)","脂質
(g/kg)","糖質
(g/kg)","タンパク質
(g/kg)","Na
(mg/kg)","K 
(mg/kg)","Ca 
(mg/kg)","Mg 
(mg/kg)","P 
(mg/kg)","Fe 
(mg/kg)","Zn 
(mg/kg)","Cu
(mg/kg)","Mn 
(mg/kg)","I 
(ug/kg)","Se  
(ug/kg)","Cr 
(ug/kg)","Mo 
(ug/kg)"
3003,（砂糖類） 車糖 上白糖,,,11.6,1.3200000,0.00159926,3910,0,993,0,10,20,10,Tr,Tr,Tr,0,0.1,0,0,0,0,0
17012,＜調味料類＞ （食塩類） 食塩,,,1.5,0.8770000,0.00112471,0,0,0,0,390000,1000,220,180,0,Tr,Tr,0.1,Tr,10,10,0,0
17007,＜調味料類＞ （しょうゆ類） こいくちしょうゆ,,,3.3323,0.5520000,0.00064739,760,0,79,77,57000,3900,290,650,1600,17,9,0.1,10,10,110,30,48
12004,鶏卵 全卵 生,,,7,2.0000000,0.00358194186,1420,102,4,122,1400,1300,460,100,1700,15,11,0.5,0.2,330,240,0,40
17138,＜調味料類＞ （その他） 料理酒,,,1.56,1.8800000,0.00241202,880,Tr,47,2,8700,60,20,20,40,Tr,Tr,Tr,0.4,Tr,0,20,20
13003,＜牛乳及び乳製品＞ （液状乳類） 普通牛乳,,,1.95,1.7300000,0.00137482,610,38,48,38,410,1500,1100,100,930,0.2,4,0.1,Tr,160,30,0,40
16025,＜アルコール飲料類＞ （混成酒類） みりん 本みりん,,,1.95,1.6600000,0.00124304,2410,Tr,432,3,30,70,20,20,70,0,0,0.5,0.4,-,-,-,-
14017,（バター類） 無発酵バター 有塩バター,,,88.295,18.6000000,0.01447948,7000,810,2,6,7500,280,150,20,150,1,1,Tr,0,20,Tr,10,30
6153,（たまねぎ類） たまねぎ りん茎 生,,,2.0212,0.3468000,0.0005942425532,330,1,69,10,20,1500,170,90,310,3,2,0.5,1.5,10,10,0,10
17042,＜調味料類＞ （ドレッシング類） 半固形状ドレッシング マヨネーズ 全卵型,,,13.614,5.9900000,0.0098731,6680,760,36,14,7300,130,80,20,290,3,2,0.1,0.1,30,30,10,10
14002,（植物油脂類） ごま油,,,8.4566,1.2300000,0.00192979,8900,1000,0,0,Tr,Tr,10,Tr,10,1,Tr,0.1,0,0,10,10,0
14001,（植物油脂類） オリーブ油,,,8.4566,1.2300000,0.00192979,8940,1000,0,0,Tr,0,Tr,0,0,0,0,0,0,0,0,Tr,0
1015,こむぎ ［小麦粉］ 薄力粉 1等,,,3.25,0.9300000,0.00136801,3490,15,733,83,Tr,1100,200,120,600,5,3,0.8,4.3,Tr,40,20,120
2034,＜でん粉・でん粉製品＞ （でん粉類） じゃがいもでん粉,,,4.0439,1.0300000,0.00146559,3380,1,816,1,20,340,100,60,400,6,Tr,0.3,-,0,0,60,0
14006,（植物油脂類） 調合油,,,13.204,3.5900000,0.00611966,8860,1000,0,0,0,Tr,Tr,0,Tr,0,Tr,0,0,0,0,0,0
6214,（にんじん類） にんじん 根 皮なし 生, ,,2.7778,0.3662500,0.000443075,320,2,60,7,240,300,240,90,280,2,2,0.4,1.1,Tr,Tr,0,Tr
6223,（にんにく類） にんにく りん茎 生,,,3.4725,0.4570000,0.00066249,1290,9,213,64,80,5100,140,240,1600,8,8,1.6,2.8,0,10,0,160
17015,＜調味料類＞ （食酢類） 穀物酢,,,3.7152,0.3970000,0.00044092,250,0,24,1,60,40,20,10,20,Tr,1,Tr,-,0,0,10,10
13014,＜牛乳及び乳製品＞ （クリーム類） クリーム 乳脂肪,,,34.547,7.6200000,0.00599374,4040,430,65,19,430,760,490,50,840,1,2,0.2,-,80,20,10,140
6061,（キャベツ類） キャベツ 結球葉 生,,,2.5882,0.3682353,0.0004820823529,230,1,34,12,50,1900,420,140,260,3,1,0.2,1.3,0,0,0,20
7156,（かんきつ類） レモン 果汁 生,,,10.652,0.5440000,0.00069673,24,2,86,4,20,1000,70,80,90,1,1,0.2,0.3,0,0,0,10
1088,こめ ［水稲めし］ 精白米 うるち米,,,6.0888,1.9100000,0.00114502,1560,3,356,25,10,290,30,70,340,1,6,1,3.5,0,1,0,300
17036,＜調味料類＞ （トマト加工品類） トマトケチャップ,,,9.31,1.8800000,0.00241202,1040,2,259,16,12000,3800,160,180,350,5,2,0.9,1.1,10,40,40,90
6065,きゅうり 果実 生,,,5.8163,1.1428571,0.001193857143,130,1,19,10,10,2000,260,150,360,3,2,1.1,0.7,10,10,10,40
2017,＜いも類＞ じゃがいも 塊茎 皮なし 生,,,1.7778,0.0914444,0.0001378666667,590,1,84,18,10,4100,40,190,470,4,2,0.9,3.7,10,0,40,30
6245,（ピーマン類） 青ピーマン 果実 生,,,10.118,2.4235294,0.002736458824,200,2,28,9,10,1900,110,110,220,4,2,0.6,1,Tr,0,10,30
6182,（トマト類） 赤色トマト 果実 生,,,5.4639,1.3608247,0.001694865979,200,1,37,7,30,2100,70,90,260,2,1,0.4,0.8,Tr,10,Tr,20
6134,（だいこん類） だいこん 根 皮なし 生,,,2.1176,0.2823529,0.0003250470588,150,1,24,4,170,2300,230,100,170,2,1,0.2,0.4,30,10,0,20
17084,＜その他＞ ベーキングパウダー,,,,,,1500,12,290,Tr,68000,39000,24000,10,37000,1,Tr,0.1,-,-,-,-,-
1020,こむぎ ［小麦粉］ 強力粉 1等,,,2.83,0.9300000,0.00136801,3370,15,690,118,Tr,890,170,230,640,9,8,1.5,3.2,0,390,10,260
11183,＜畜肉類＞ ぶた ［ベーコン類］ ばらベーコン,,,14.654,6.5000000,0.01070629,2440,194,32,154,10000,2300,40,150,2100,4,14,0.4,Tr,250,110,10,10
17046,＜調味料類＞ （みそ類） 米みそ 赤色辛みそ,,,2.96,1.1100000,0.00128457,1780,55,170,131,51000,4400,1300,800,2000,43,12,3.5,-,10,80,10,720
8016,（しめじ類） ぶなしめじ 生,,,6.45,2.3700000,0.0020448,260,5,18,27,20,2700,10,110,960,5,5,0.6,1.6,10,20,0,60
1077,こむぎ ［その他］ パン粉 生,,,2.43,0.9300000,0.00136801,2770,51,446,110,3500,1100,250,290,970,11,7,1.5,4.7,-,-,-,-
3005,（砂糖類） ざらめ糖 グラニュー糖,,,11.6,1.3200000,0.00159926,3940,0,1000,0,Tr,Tr,Tr,0,0,Tr,Tr,0,0,0,0,0,0
12010,鶏卵 卵黄 生,,,21,1.7200000,0.00308047,3360,343,2,165,530,1000,1400,110,5400,48,36,1.3,0.8,1100,470,0,120
17083,＜その他＞ 酵母 パン酵母 乾燥,,,,,,3070,68,105,371,1200,16000,190,910,8400,130,34,2,4,10,20,20,10
6291,（もやし類） りょくとうもやし 生,,,1.38,1.0714286,,150,1,11,18,30,790,90,80,270,2,2,0.8,0.6,20,Tr,Tr,440
17065,＜香辛料類＞ こしょう 混合 粉,,,9.5059,2.1700000,0.00244759,3690,62,683,106,350,6800,3300,1200,1500,140,10,11,-,30,20,120,170
17031,＜調味料類＞ （調味ソース類） オイスターソース,,,,4.0500000,0.00595625,1050,3,181,77,45000,2600,250,630,1200,12,16,1.7,4,-,-,-,-
17027,＜調味料類＞ （だし類） 固形ブイヨン,,,,1.8800000,0.00241202,2330,43,418,70,170000,2000,260,190,760,4,1,1,1,10,20,20,20
6103,（しょうが類） しょうが 根茎 皮なし 生,,,4.4125,0.4975000,0.000603775,280,3,45,9,60,2700,120,270,250,5,1,0.6,50.1,0,10,10,60
1063,こむぎ ［マカロニ・スパゲッティ類］ マカロニ・スパゲッティ 乾,,,5.08,1.5100000,0.00191911,3470,18,677,129,10,2000,180,550,1300,14,15,2.8,8.2,0,630,10,530
3022,（その他） はちみつ,,,,,,3290,Tr,819,3,20,650,40,20,50,2,1,0.4,2.1,Tr,0,10,0
17029,＜調味料類＞ （だし類） めんつゆ ストレート,,,,,,440,0,87,22,13000,1000,80,150,480,4,2,0.1,-,-,-,-,-
17021,＜調味料類＞ （だし類） かつお・昆布だし 荒節・昆布だし,,,,,,20,Tr,3,3,340,630,30,40,130,Tr,Tr,Tr,Tr,15000,40,0,0
6095,しそ 葉 生,,,39.41,0.4570000,0.00066249,320,1,2,39,10,5000,2300,700,700,17,13,2,20.1,60,10,20,300
1024,こむぎ ［小麦粉］ プレミックス粉 ホットケーキ用,,,3.25,0.9300000,0.00136801,3600,40,726,78,3900,2300,1000,120,1700,5,3,0.7,-,0,30,50,110
6312,（レタス類） レタス 土耕栽培 結球葉 生,,,3.0612,0.4428571,0.0005414795918,110,1,17,6,20,2000,190,80,220,3,2,0.4,1.3,10,0,0,Tr
4033,だいず ［豆腐・油揚げ類］ 絹ごし豆腐,,,4.67,1.4100000,0.00174948,560,35,11,53,110,1500,750,500,680,12,5,1.6,3.4,10,10,10,690
6233,はくさい 結球葉 生,,,1.9149,0.2843750,0.0003496041667,130,1,19,8,60,2200,430,100,330,3,2,0.3,1.1,10,Tr,0,60
13040,＜牛乳及び乳製品＞ （チーズ類） プロセスチーズ,,,35.689,7.7600000,0.00621359,3130,260,13,227,11000,600,6300,190,7300,3,32,0.8,0.2,180,130,20,90
13035,＜牛乳及び乳製品＞ （チーズ類） ナチュラルチーズ クリーム,,,35.651,7.7600000,0.00621359,3130,330,23,82,2600,700,700,80,850,1,7,0.1,0.1,140,70,0,100
6226,（ねぎ類） 根深ねぎ 葉 軟白 生,,,4.8333,0.7616667,0.00110415,350,1,58,14,Tr,2000,360,130,270,3,3,0.4,1.2,0,Tr,0,20
11176,＜畜肉類＞ ぶた ［ハム類］ ロースハム ロースハム,,,84.283,6.5000000,0.01070629,2110,145,20,186,9100,2900,40,200,2800,5,16,0.4,0.1,0,210,120,10
13038,＜牛乳及び乳製品＞ （チーズ類） ナチュラルチーズ パルメザン,,,35.704,7.7600000,0.00621359,4450,308,19,440,15000,1200,13000,550,8500,4,73,1.5,-,-,-,-,-
11221,＜鳥肉類＞ にわとり ［若どり・主品目］ もも 皮つき 生,,,6.8513,1.7900000,0.00347325,2340,191,0,173,420,1600,80,160,1100,9,17,0.7,0.1,-,-,-,-
6048,（かぼちゃ類） 西洋かぼちゃ 果実 生,,,2.7135,0.4422222,0.0005366888889,780,30,171,19,10,4300,220,250,480,4,3,0.7,0.7,Tr,0,0,50
17110,＜調味料類＞ （調味ソース類） ぽん酢しょうゆ,,,,0.5520000,0.00064739,490,1,72,34,23000,2800,240,330,720,7,4,0.2,4.6,10,40,10,190
6267,ほうれんそう 葉 通年平均 生,,,6.5556,1.0411111,0.001639888889,180,4,3,22,160,6900,490,690,470,20,7,1.1,3.2,30,30,20,50
14018,（バター類） 無発酵バター 食塩不使用バター,,,87.995,18.6000000,0.01447948,7200,830,2,5,110,220,140,20,180,4,1,0.1,0.1,30,Tr,0,30
14020,（マーガリン類） マーガリン 家庭用 有塩,,,7.24,2.0400000,0.00290174,7150,831,5,4,5000,270,140,20,170,Tr,1,Tr,Tr,20,10,0,20
17004,＜調味料類＞ （辛味調味料類） トウバンジャン,,,,1.1100000,0.00128457,490,23,36,20,70000,2000,320,420,490,23,3,13,2.8,-,-,-,-
16010,＜アルコール飲料類＞ （醸造酒類） ぶどう酒 白,,,6.41,1.4700000,0.00175247,750,20,20,1,30,600,80,70,120,3,Tr,0.1,0.9,-,-,-,-
1083,こめ ［水稲穀粒］ 精白米 うるち米,,,18.489,1.9100000,0.00114502,3420,9,771,61,10,890,50,230,950,8,14,2.2,8.1,0,20,0,690
17063,＜香辛料類＞ こしょう 黒 粉,,,9.5059,2.1700000,0.00244759,3620,60,666,110,650,13000,4100,1500,1600,200,11,12,63.4,50,50,300,140
6239,パセリ 葉 生,,,6.6889,0.5077778,0.0007361,340,7,10,40,90,10000,2900,420,610,75,10,1.6,10.5,70,30,40,390
6263,ブロッコリー 花序 生,,,5.4462,0.7030769,0.001019215385,370,6,15,54,70,4600,500,290,1100,13,8,1,2.8,0,20,0,110
9004,あまのり 焼きのり,,,3.9309,1.0500000,0.0009514,2970,37,83,414,5300,24000,2800,3000,7000,110,36,5.5,37.2,21000,90,60,2200
7107,バナナ 生,,,5.2607,0.9033333,0.001897516667,930,2,214,11,Tr,3600,60,320,270,3,2,0.9,2.6,0,10,0,70
4052,だいず ［その他］ 豆乳 豆乳,,,,,,430,28,14,36,20,1900,150,250,490,12,3,1.2,2.3,Tr,10,0,540
17061,＜香辛料類＞ カレー粉,,,17.918,2.1700000,0.00244759,3380,122,264,130,400,17000,5400,2200,4000,290,29,8,48.4,50,180,210,420
1026,こむぎ ［パン類］ 角形食パン 食パン,,,4.83,2.4500000,0.00289658,2480,41,422,89,4700,860,220,180,670,5,5,0.9,2.5,10,220,10,150
4040,だいず ［豆腐・油揚げ類］ 油揚げ 生,,,4.67,1.4100000,0.00174948,3770,344,-9,234,40,860,3100,1500,3500,32,25,2.2,15.5,10,80,50,970
11123,＜畜肉類＞ ぶた ［大型種肉］ ロース 脂身つき 生,,,14.369,6.5000000,0.01070629,2480,192,2,193,420,3100,40,220,1800,3,16,0.5,0.1,10,210,30,Tr
6191,（なす類） なす 果実 生,,,6,1.4000000,,180,1,29,11,Tr,2200,180,170,300,3,2,0.6,1.6,0,0,0,100
12014,鶏卵 卵白 生,,,9,1.7200000,0.00308047,440,Tr,5,101,1800,1400,50,100,110,Tr,0,0.2,0,20,150,0,20
10263,＜魚類＞ （まぐろ類） 缶詰 油漬 フレーク ライト,,,20.272,7.2200000,0.00879574,2650,217,1,177,3400,2300,40,250,1600,5,3,0.4,0.1,-,-,-,-
13025,＜牛乳及び乳製品＞ （発酵乳・乳酸菌飲料） ヨーグルト 全脂無糖,,,,0.9900000,0.00086746,560,30,49,36,480,1700,1200,120,1000,Tr,4,0.1,Tr,170,30,0,40
4046,だいず ［納豆類］ 糸引き納豆,,,2.9,1.0400000,0.00192339,1840,100,26,165,10,6900,910,1000,2200,33,19,6,13.9,Tr,160,10,2900
7006,アボカド 生,,,4.5091,2.0571429,0.002359614286,1760,175,23,21,70,5900,80,340,520,6,7,2.4,1.9,0,10,0,20
6084,ごぼう 根 生,,,3.1444,0.4422222,0.0005366888889,580,1,97,18,180,3200,460,540,620,7,8,2.1,1.8,20,10,10,10
8025,（ひらたけ類） エリンギ 生,,,6.3676,2.3191489,,310,4,26,28,20,3400,Tr,120,890,3,6,1,0.6,10,20,0,20
2006,＜いも類＞ （さつまいも類） さつまいも 塊根 皮なし 生,,,2.6374,0.1035165,0.0001624505495,1260,2,297,12,110,4800,360,240,470,6,2,1.7,4.1,10,0,10,40
11163,＜畜肉類＞ ぶた ［ひき肉］ 生,,,14.654,6.5000000,0.01070629,2090,172,1,177,570,2900,60,200,1200,10,28,0.7,0.1,10,190,20,10
6207,（にら類） にら 葉 生,,,5.2316,0.4810526,0.0006972631579,180,3,13,17,10,5100,480,180,310,7,3,0.7,3.9,10,10,10,150
5017,ごま 乾,,,9.5059,0.9170000,,6040,538,57,198,20,4000,12000,3700,5400,96,55,16.6,22.4,Tr,100,40,920
6072,みずな 葉 生,,,17.447,0.5376471,0.0007794,230,1,18,22,360,4800,2100,310,640,21,5,0.7,4.1,70,20,30,200
8039,しいたけ 生しいたけ 菌床栽培 生,,,11.557,5.4500000,,250,3,15,31,10,2900,10,140,870,4,9,1,2.1,0,50,10,40
6119,セロリ 葉柄 生,,,3.9125,0.7030769,0.001019215385,120,1,21,4,280,4100,390,90,390,2,2,.0.3,1.1,10,0,0,20
17028,＜調味料類＞ （だし類） 顆粒和風だし,,,,,,2230,3,311,242,160000,1800,420,200,2600,10,5,1.2,0.9,50,740,80,10
6172,とうがらし 果実 乾,,,14.34,1.2600000,,2700,120,120,147,170,28000,740,1900,2600,68,15,8.5,10.8,-,-,-,-
4032,だいず ［豆腐・油揚げ類］ 木綿豆腐,,,4.67,1.4100000,0.00174948,730,49,4,70,90,1100,930,570,880,15,6,1.6,4.1,60,40,40,440
10091,＜魚類＞ （かつお類） 加工品 かつお節,,,8.24,2.7100000,,3320,29,8,771,1300,9400,280,700,7900,55,28,2.7,-,450,3200,10,10
8001,えのきたけ 生,,,3.27,1.1258824,0.0009889882353,340,2,37,27,20,3400,Tr,150,1100,11,6,1,0.7,0,10,0,Tr
13010,＜牛乳及び乳製品＞ （粉乳類） 脱脂粉乳,,,29.542,6.1400000,,3540,10,533,340,5700,18000,11000,1100,10000,5,39,1,-,1200,270,10,350
10381,＜水産練り製品＞ 焼き竹輪,,,7.72,3.2000000,0.00307561,1070,4,133,132,9900,570,480,170,1000,2,3,0.2,0.2,110,300,30,10
17001,＜調味料類＞ （ウスターソース類） ウスターソース,,,12.049,2.2100000,,1170,1,266,10,33000,1900,590,240,110,16,1,1,-,30,10,90,40
1116,こめ ［うるち米製品］ 米こうじ,,,18.489,1.9100000,0.00114502,3420,9,771,61,10,890,50,230,950,8,14,2.2,8.1,0,20,0,690
7148,りんご 皮なし 生,,,3.0074,0.4611765,0.0002628,530,2,141,1,Tr,1200,30,30,120,1,Tr,0.5,0.2,0,0,10,0
6183,（トマト類） 赤色ミニトマト 果実 生,,,3.2254,2.1632653,,300,1,58,11,40,2900,120,130,290,4,2,0.6,1,40,Tr,0,40
6032,オクラ 果実 生,,,6.1059,2.0352941,0.002716588235,260,2,16,21,40,2800,920,510,580,5,6,1.3,4.8,Tr,0,0,60
11186,＜畜肉類＞ ぶた ［ソーセージ類］ ウインナーソーセージ ウインナーソーセージ,,,84.69,6.5000000,,3190,306,33,115,7400,1800,60,120,2000,5,13,0.5,0.3,30,170,20,20
6236,はくさい 漬物 キムチ,,,4.6056,0.7640000,,270,1,32,23,11000,2900,500,110,480,5,2,0.4,1,140,10,10,60
6086,こまつな 葉 生,,,7.0824,0.5376471,,130,2,5,15,150,5000,1700,120,450,28,2,0.6,1.3,20,10,20,100
17002,＜調味料類＞ （ウスターソース類） 中濃ソース,,,5.33,2.2100000,,1290,1,299,8,23000,2100,610,230,160,17,1,1.8,2.3,30,10,70,30
7155,（かんきつ類） レモン 全果 生,,,3.8348,0.5608247,0.0007182783505,430,7,76,9,40,1300,670,110,150,2,1,0.8,0.5,0,10,0,10
6205,にがうり 果実 生,,,13.814,2.0352941,0.002716588235,150,1,13,10,10,2600,140,140,310,4,2,0.5,1,10,0,10,70
11198,＜畜肉類＞ ぶた ［その他］ ゼラチン,,,41.427,8.5500000,,3470,3,0,876,2600,80,160,30,70,7,1,0.1,0.3,20,70,60,20
17067,＜香辛料類＞ シナモン 粉,,,9.5059,2.1700000,0.00244759,3560,35,796,36,230,5500,12000,870,500,71,9,4.9,410,60,30,140,30
17093,＜調味料類＞ （だし類） 顆粒中華だし,,,,,,2100,16,366,126,190000,9100,840,330,2400,6,5,0.5,1.6,310,80,80,60
7117,ぶどう 干しぶどう,,,7.2,1.8000000,,3240,2,762,27,120,7400,650,310,900,23,3,3.9,2,30,Tr,90,120
2003,＜いも類＞ こんにゃく 板こんにゃく 精粉こんにゃく,,,17.381,3.9800000,,50,Tr,1,1,100,330,430,20,50,4,1,0.2,0.2,-,-,-,-
16011,＜アルコール飲料類＞ （醸造酒類） ぶどう酒 赤,,,6.41,1.4700000,0.00175247,680,Tr,15,2,20,1100,70,90,130,4,Tr,0.2,1.5,Tr,0,20,10
17008,＜調味料類＞ （しょうゆ類） うすくちしょうゆ,,,3.3883,0.5520000,,600,0,58,57,63000,3200,240,500,1300,11,6,0.1,6.6,10,60,20,400
12005,鶏卵 全卵 ゆで,,,7.0353,1.9325843,,1340,104,3,125,1400,1300,470,110,1700,15,11,0.5,0.3,200,250,0,20
11219,＜鳥肉類＞ にわとり ［若どり・主品目］ むね 皮つき 生,,,4.7824,1.7900000,0.00347325,2290,172,0,195,310,1900,40,200,1200,3,7,0.5,0.1,-,-,-,-
17060,＜香辛料類＞ からし 粒入りマスタード,,,12.755,2.1700000,0.00244759,2290,160,127,76,16000,1900,1300,1100,2600,24,14,1.6,6.2,10,870,30,170
6175,（とうもろこし類） スイートコーン 未熟種子 生,,,5.3572,1.0220000,0.00170626,890,17,138,36,Tr,2900,30,370,1000,8,10,1,3.2,0,Tr,10,60
17006,＜調味料類＞ （辛味調味料類） ラー油,,,,,,8870,998,0,1,Tr,Tr,Tr,Tr,Tr,1,Tr,0.1,-,-,-,-,-
6116,ズッキーニ 果実 生,,,,1.8020833,0.0024053125,160,1,15,13,10,3200,240,250,370,5,4,0.7,1.5,Tr,Tr,10,60
6238,バジル 葉 生,,,49.263,0.5712500,0.0008281125,210,6,0,20,10,4200,2400,690,410,15,6,2,19.1,-,-,-,-
16048,＜コーヒー・ココア類＞ ココア ピュアココア,,,5.15,13.9000000,,3860,216,185,185,160,28000,1400,4400,6600,140,70,38,-,-,-,-,-
16020,＜アルコール飲料類＞ （蒸留酒類） ラム,,,7.53,1.4200000,0.00119742,2370,Tr,1,0,30,Tr,0,0,Tr,0,Tr,Tr,0,-,-,-,-
17076,＜香辛料類＞ にんにく おろし,,,9.5659,2.1700000,0.00244759,1700,5,370,47,18000,4400,220,220,1000,7,5,0.9,1.6,30,40,10,60
5001,アーモンド 乾,,,,1.4400000,0.00165173,6090,518,108,196,10,7600,2500,2900,4600,36,36,11.7,24.5,-,-,-,-
10376,＜水産練り製品＞ かに風味かまぼこ,,,7.72,3.2000000,0.00307561,890,5,92,121,8500,760,1200,190,770,2,2,0.4,0.2,-,-,-,-
7023,うめ 梅干し 調味漬,,,9.7792,1.1933333,,900,6,186,15,30000,1300,250,150,150,24,1,0.5,1,-,-,-,-
6184,（トマト類） 加工品 ホール 食塩無添加,,,,3.7900000,,210,2,31,9,40,2400,90,130,260,4,1,0.8,0.9,-,-,-,-
6247,（ピーマン類） 赤ピーマン 果実 生,,,4.5022,2.2888889,0.00232599,280,2,56,10,Tr,2100,70,100,220,4,2,0.3,1.3,-,-,-,-
4051,だいず ［その他］ おから 生,,,,1.0400000,0.00192339,880,36,23,61,50,3500,810,400,990,13,6,1.4,4,10,10,10,450
6007,アスパラガス 若茎 生,,,7.125,0.5712500,,210,2,21,26,20,2700,190,90,600,7,5,1,1.9,10,0,0,20
2035,＜でん粉・でん粉製品＞ （でん粉類） とうもろこしでん粉,,,4.0439,1.0300000,0.00146559,3630,7,863,1,10,50,30,40,130,3,1,0.4,-,10,Tr,10,20
3004,（砂糖類） 車糖 三温糖,,,10.84,1.3200000,,3900,0,990,Tr,70,130,60,20,Tr,1,Tr,0.7,0.1,0,0,Tr,0
9017,（こんぶ類） まこんぶ 素干し 乾,,,16.7,1.1800000,0.0010946,1700,13,322,58,26000,61000,7800,5300,1800,32,9,1.1,2.1,2000000,20,140,110
17074,＜香辛料類＞ ナツメグ 粉,,,9.5059,2.1700000,0.00244759,5200,385,475,57,150,4300,1600,1800,2100,25,13,12,26.8,-,-,-,-
11129,＜畜肉類＞ ぶた ［大型種肉］ ばら 脂身つき 生,,,14.654,6.5000000,0.01070629,3660,354,1,144,500,2400,30,150,1300,6,18,0.4,0.1,0,130,0,Tr
16001,＜アルコール飲料類＞ （醸造酒類） 清酒 普通酒,,,4.85,2.0200000,,1070,Tr,49,4,20,50,30,10,70,Tr,1,Tr,1.6,10,0,0,10
17081,＜香辛料類＞ わさび 練り,,,4.0427,2.1700000,0.00244759,2650,103,398,33,24000,2800,620,390,850,20,8,1.1,2.3,-,-,-,-
3011,（砂糖類） 加工糖 粉糖,,,10.84,1.3200000,,3930,0,997,0,10,10,Tr,Tr,0,2,0,0,-,-,-,-,-
17107,＜調味料類＞ （調味ソース類） 魚醤油 ナンプラー,,,2.42,1.8800000,,470,1,27,91,90000,2300,200,900,570,12,7,0.3,0.3,270,460,50,10
4039,だいず ［豆腐・油揚げ類］ 生揚げ,,,4.67,1.4100000,0.00174948,1430,113,1,107,30,1200,2400,510,1500,26,11,2.3,7.8,10,20,20,870
6367,（だいこん類） だいこん 根 皮なし 生 おろし,,,2.1176,0.2400000,0.00027629,580,8,86,7,40,3800,390,270,240,8,2,0.5,51.2,0,Tr,10,120
6317,れんこん 根茎 生,,,3.5374,0.4975000,0.000603775,660,1,135,19,240,4400,200,160,740,5,3,0.9,7.8,90,10,0,10
17075,＜香辛料類＞ にんにく ガーリックパウダー 食塩無添加,,,9.5059,2.1700000,0.00244759,3800,8,738,199,180,3900,1000,900,3000,66,25,5.7,11.7,10,100,20,70
9022,（こんぶ類） 塩昆布,,,16.26,1.1800000,0.0010946,1930,4,239,169,71000,18000,2800,1900,1700,42,7,0.4,5.6,-,-,-,-
11230,＜鳥肉類＞ にわとり ［二次品目］ ひき肉 生,,,,1.7900000,0.00347325,1710,120,0,175,550,2500,80,240,1100,8,11,0.4,0.1,20,170,10,20
1074,こむぎ ［その他］ ぎょうざの皮 生,,,,0.9300000,0.00136801,2750,14,548,93,20,640,160,180,600,8,6,1.2,2.8,-,-,-,-
10204,＜魚類＞ （たら類） すけとうだら からしめんたいこ,,,2.4167,1.9200000,0.00172807,1210,33,30,210,22000,1800,230,110,2900,7,27,0.8,0.4,-,-,-,-
2039,＜でん粉・でん粉製品＞ （でん粉製品） はるさめ 緑豆はるさめ 乾,,,7.6666,1.0300000,0.00146559,3440,4,834,2,140,130,200,30,100,5,1,0.1,0.2,20,10,50,10
5014,くるみ いり,,,,1.4400000,0.00165173,7130,688,42,146,40,5400,850,1500,2800,26,26,12.1,34.4,-,-,-,-
1038,こむぎ ［うどん・そうめん類］ うどん 生,,,5.89,1.4900000,0.00181707,2490,6,532,61,10000,900,180,130,490,3,3,0.8,3.9,20,60,20,70
2010,＜いも類＞ （さといも類） さといも 球茎 生,,,3.6471,0.1037647,0.0001599411765,530,1,108,15,Tr,6400,100,190,550,5,3,1.5,1.9,Tr,10,0,80
8031,マッシュルーム 生,,,5.9856,2.1800000,0.00188668,150,3,1,29,60,3500,30,100,1000,3,4,3.2,0.4,10,140,0,20
15116,＜チョコレート類＞ ミルクチョコレート,,,32.566,7.6500000,0.00754648,5500,341,519,69,640,4400,2400,740,2400,24,16,5.5,4.1,190,60,240,110
3023,（その他） メープルシロップ,,,,,,2660,0,663,1,10,2300,750,180,10,4,15,0.1,20.1,40,0,50,20
17091,＜調味料類＞ （食酢類） 果実酢 バルサミコ酢,,,3.7152,0.3970000,0.00044092,990,0,194,5,290,1400,170,110,220,7,1,0.1,1.3,20,0,50,20
8028,まいたけ 生,,,3.26,3.8333333,,220,5,9,20,0,2300,Tr,100,540,2,7,2.2,0.4,0,20,10,10
6280,（みょうが類） みょうが 花穂 生,,,36.33,0.4711340,,110,1,5,9,10,2100,250,300,120,5,4,0.5,11.7,10,10,0,80
6010,いんげんまめ さやいんげん 若ざや 生,,,63.608,1.4742268,0.002935247423,230,1,27,18,10,2600,500,230,410,7,3,0.6,3.3,Tr,0,0,180
2023,＜いも類＞ （やまのいも類） ながいも ながいも 塊根 生,,,3.1444,0.0980000,0.0001510555556,640,3,129,22,30,4300,170,170,270,4,3,1,0.3,10,10,Tr,20
5018,ごま いり,,,9.5059,0.9170000,,6050,542,59,203,20,4100,12000,3600,5600,99,59,16.8,25.2,Tr,270,40,1100
6365,（しょうが類） しょうが 根茎 皮なし 生 おろし,,,4.4125,0.3980000,0.00048302,580,8,86,7,40,3800,390,270,240,8,2,0.5,51.2,0,Tr,10,120
1158,こめ ［うるち米製品］ 米粉,,,6.0888,1.9100000,0.00114502,3700,29,806,71,30,2300,120,1100,2900,14,24,3,24.9,10,20,60,1200
3030,（砂糖類） てんさい含蜜糖,,,1.3,0.0638000,,3570,Tr,886,9,480,270,Tr,0,10,1,Tr,Tr,Tr,0,0,0,0
7012,いちご 生,,,12.357,4.6938776,0.004435377551,310,1,71,9,Tr,1700,170,130,310,3,2,0.5,2,10,Tr,0,90
16051,＜その他＞ 昆布茶,,,,1.0300000,0.00185863,1730,2,392,52,200000,5800,880,510,140,5,3,Tr,0.3,260000,20,130,10
16046,＜コーヒー・ココア類＞ コーヒー インスタントコーヒー,,,32.141,1.6800000,0.00288466,2870,3,565,147,320,36000,1400,4100,3500,30,4,0.3,19,80,50,20,70
17116,＜調味料類＞ （ドレッシング類） 分離液状ドレッシング 和風ドレッシング 分離液状,,,,4.0500000,,1790,-145,-95,-19,-14000,-750,-70,-160,-430,-4,-2,-0.3,-1.9,0,-30,-10,-100
11034,＜畜肉類＞ うし ［乳用肥育牛肉］ かたロース 脂身つき 生,,,95.3,21.4000000,0.01073696,2950,264,2,162,500,2600,40,160,1400,9,47,0.6,0.1,-,-,-,-
10445,＜魚類＞ （いわし類） しらす 釜揚げしらす,,,4.56,1.4400000,0.0013141,840,17,#VALUE!,176,8400,1200,1900,480,3200,3,11,0.3,0.9,130,390,30,10
4029,だいず ［全粒・全粒製品］ きな粉 黄大豆 全粒大豆,,,2.9,1.0400000,0.00192339,4510,257,104,367,10,20000,1900,2600,6600,80,41,11.2,27.5,Tr,50,120,3800
9002,あおのり 素干し,,,3.9309,1.0500000,0.0009514,2490,52,58,294,32000,25000,7500,14000,3900,770,16,5.8,130,27000,70,390,180
16035,＜茶類＞ （緑茶類） 抹茶 茶,,,6.27,13.7000000,0.0273045,2370,53,10,296,60,27000,4200,2300,3500,170,63,6,-,-,-,-,-
1179,こむぎ ［その他］ 春巻きの皮 生,,,2.83,0.9300000,,2880,16,577,83,4400,770,130,130,540,3,3,0.9,2.3,10,180,10,120
17073,＜香辛料類＞ とうがらし 粉,,,21.002,2.1700000,0.00244759,4120,97,668,162,40,27000,1100,1700,3400,120,20,12,-,30,50,170,410
1043,こむぎ ［うどん・そうめん類］ そうめん・ひやむぎ 乾,,,5.89,1.4900000,,3330,11,702,95,15000,1200,170,220,700,6,4,1.2,4.4,0,160,10,140
11181,＜畜肉類＞ ぶた ［ハム類］ 生ハム 促成,,,84.289,6.5000000,0.01070629,2430,166,5,240,23000,4700,60,270,2000,7,22,0.8,0.2,1800,190,10,10
6227,（ねぎ類） 葉ねぎ 葉 生,,,6.2473,0.4913978,,290,3,33,19,10,2600,800,190,400,10,3,0.5,1.8,10,10,20,10
10056,＜魚類＞ （いわし類） しらす干し 半乾燥品,,,4.56,1.4400000,0.0013141,1870,35,5,405,26000,4900,5200,1300,8600,8,30,0.7,1.7,-,-,-,-
10385,＜水産練り製品＞ はんぺん,,,7.72,3.2000000,0.00307561,930,10,114,99,5900,1600,150,130,1100,5,1,0.2,0.1,-,-,-,-
17025,＜調味料類＞ （だし類） 中華だし,,,,,,30,0,0,8,200,900,30,50,400,Tr,Tr,Tr,0.1,-,-,-,-
17115,＜調味料類＞ （調味ソース類） ゆずこしょう,,,10.427,2.1700000,,370,8,31,13,99000,2800,610,440,240,6,1,0.6,1,240,20,50,40
10415,＜えび・かに類＞ （えび類） バナメイえび 養殖 生,,,28.457,1.7100000,0.0016008,820,6,7,196,1400,2700,680,370,2200,14,12,3.3,1,100,270,20,-
13013,＜牛乳及び乳製品＞ （練乳類） 加糖練乳,,,29.542,6.1400000,,3140,85,560,77,960,4000,2600,250,2200,1,8,0.2,0.1,350,60,0,90
6228,（ねぎ類） こねぎ 葉 生,,,6.4556,0.5077778,,260,3,29,20,10,3200,1000,170,360,10,3,0.3,1.8,-,-,-,-
1120,こめ ［もち米製品］ 白玉粉,,,6.0888,1.9100000,0.00114502,3470,10,795,63,20,30,50,60,450,11,12,1.7,5.5,30,30,10,560
6015,えだまめ 生,,,15.142,1.8909091,0.003497072727,1250,62,38,117,10,5900,580,620,1700,27,14,4.1,7.1,0,10,10,2400
6278,（みつば類） 糸みつば 葉 生,,,6.02,0.4967391,,120,1,6,9,30,5000,470,210,470,9,1,0.2,4.2,-,-,-,-
17059,＜香辛料類＞ からし 練りマスタード,,,12.918,2.1700000,0.00244759,1750,106,131,48,12000,1700,710,600,1400,18,8,1,4.1,0,700,40,150
6201,（なばな類） 和種なばな 花らい・茎 生,,,6.02,0.4570000,,340,2,16,44,160,3900,1600,290,860,29,7,0.9,3.2,10,10,10,60
8013,しいたけ 乾しいたけ 乾,,,30.226,12.7000000,,2580,28,158,212,140,22000,120,1000,2900,32,27,6,9.6,40,50,50,30
17051,＜調味料類＞ （ルウ類） カレールウ,,,11.451,2.5900000,,4740,341,383,65,42000,3200,900,310,1100,35,5,1.3,5.8,0,100,70,140
10388,＜水産練り製品＞ 魚肉ソーセージ,,,7.7992,3.2200000,,1580,72,126,115,8100,700,1000,110,2000,10,4,0.6,1.1,-,-,-,-
11227,＜鳥肉類＞ にわとり ［若どり・副品目］ ささみ 生どり,,,4.5268,1.7900000,0.00347325,1070,11,0,246,400,2800,80,210,2000,6,24,0.9,-,-,-,-,-
17082,＜その他＞ 酵母 パン酵母 圧搾,,,,,,1050,15,18,165,390,6200,160,370,3600,22,78,3.6,1.9,Tr,20,10,Tr
17069,＜香辛料類＞ しょうが おろし,,,10.235,2.1700000,0.00244759,410,6,86,7,5800,1400,160,170,140,3,1,0.4,35.8,0,10,10,10
7021,うめ 梅漬 調味漬,,,9.7792,1.1187500,,450,5,71,15,27000,1000,870,260,170,12,1,0.7,0.7,-,-,-,-
10134,＜魚類＞ （さけ・ます類） しろさけ 生,,,15.111,1.3900000,,1240,41,1,223,660,3500,140,280,2400,5,5,0.7,0.1,50,310,10,0
17101,＜調味料類＞ （調味ソース類） すし酢 ちらし・稲荷用,,,3.7152,0.3970000,,1500,0,-349,-1,-25000,-180,-30,-50,-100,-1,-1,(Tr),0,0,0,-10,-30
9049,てんぐさ 粉寒天,,,26.558,1.3600000,,1600,3,27,2,1700,300,1200,390,390,73,3,0.4,10.1,810,0,390,50
17087,＜調味料類＞ （しょうゆ類） だししょうゆ,,,2.42,0.5520000,,390,0,-41,-40,-28000,-2300,-160,-350,-890,-9,-4,(Tr),-5,-7500,-80,-10,-240
1025,こむぎ ［小麦粉］ プレミックス粉 天ぷら用,,,3.25,1.6100000,0.00136801,3370,13,736,88,2100,1600,1400,190,1200,6,5,1.2,6.2,10,30,20,100
10281,＜貝類＞ あさり 生,,,15.014,4.6000000,,290,7,4,57,8000,1400,660,920,820,22,9,0.5,0.7,560,350,30,80
10345,＜いか・たこ類＞ （いか類） するめいか 生,,,5.0371,1.5900000,,760,8,1,179,2100,3000,110,460,2500,1,15,2.9,Tr,70,410,Tr,10
17077,＜香辛料類＞ バジル 粉,,,9.5059,2.1700000,0.00244759,3070,22,506,211,590,31000,28000,7600,3300,1200,39,19.9,100,420,180,470,2000
1151,こめ ［水稲穀粒］ 精白米 もち米,,,18.489,1.9100000,0.00114502,3430,12,767,64,Tr,970,50,330,1000,2,15,2.2,13,0,20,0,790
15079,＜ケーキ・ペストリー類＞ パイ パイ皮,,,14.113,0.6080000,,3730,-254,-377,-50,-3900,-500,-90,-90,-310,-3,-3,-0.6,-1.9,0,-110,-10,-90
6382,（その他） ミックスベジタブル 冷凍,,,6.6921,1.0600000,,670,7,92,30,220,2200,190,210,710,7,5,0.8,2,0,10,10,240
17030,＜調味料類＞ （だし類） めんつゆ 三倍濃縮,,,,,,980,0,200,45,39000,2200,160,350,850,8,4,0.1,-,-,-,-,-
17078,＜香辛料類＞ パセリ 乾,,,9.5059,2.1700000,0.00244759,3410,22,516,287,8800,36000,13000,3800,4600,180,36,9.7,66.3,220,70,380,1100
10379,＜水産練り製品＞ 蒸しかまぼこ,,,7.72,3.2000000,0.00307561,930,9,97,120,10000,1100,250,140,600,3,2,0.3,0.3,-,-,-,-
4042,だいず ［豆腐・油揚げ類］ 凍り豆腐 乾,,,4.67,1.4100000,0.00174948,4960,341,17,505,4400,340,6300,1400,8200,75,52,5.7,43.2,10,190,50,670
16017,＜アルコール飲料類＞ （蒸留酒類） ブランデー,,,6.48,1.4200000,,2340,0,0,0,40,10,0,0,Tr,0,Tr,0.3,0,-,-,-,-
6099,しゅんぎく 葉 生,,,6.0808,0.4616162,,200,3,7,23,730,4600,1200,260,440,17,2,1,4,50,20,20,120
9039,わかめ 原藻 生,,,4.8,0.8980000,0.00081038,240,2,20,19,6100,7300,1000,1100,360,7,3,0.2,0.5,16000,10,10,30
9050,ひじき ほしひじき ステンレス釜 乾,,,4.51,1.3600000,0.0012917,1800,32,66,92,18000,64000,10000,6400,930,62,10,1.4,8.2,450000,70,260,170
17016,＜調味料類＞ （食酢類） 米酢,,,3.7152,0.3970000,0.00044092,460,0,74,2,120,160,20,60,150,1,2,Tr,-,0,Tr,10,40
3001,（砂糖類） 黒砂糖￼,,,9.4,0.9470000,,3520,Tr,903,17,270,11000,2400,310,310,47,5,2.4,9.3,150,40,130,90
6038,かぶ 根 皮なし 生,,,3.3293,0.4682353,0.0005682588235,190,1,34,6,50,2500,240,80,250,2,1,0.3,0.5,0,0,0,10
1172,こむぎ ［小麦粉］ プレミックス粉 天ぷら用 バッター 揚げ,,,3.25,1.6100000,0.00136801,1320,5,283,33,640,670,840,60,510,2,1,0.4,2,10,10,10,30
17038,＜調味料類＞ （トマト加工品類） チリソース,,,,,,1120,1,244,18,12000,5000,270,230,320,9,2,1.5,1.5,-,-,-,-
17055,＜香辛料類＞ オールスパイス 粉,,,9.5059,2.1700000,0.00244759,3640,56,752,56,530,13000,7100,1300,1100,47,12,5.3,7.2,-,-,-,-
9040,わかめ 乾燥わかめ 素干し,,,4.8,0.8980000,0.00081038,1720,26,98,144,64000,60000,8300,10000,3500,58,10,0.6,3.8,100000,60,50,200
11286,＜鳥肉類＞ にわとり ［若どり・主品目］ 手羽もと 皮つき 生,,,5.2673,1.7900000,0.00347325,1750,128,0,182,800,2300,100,190,1500,5,10,0.2,0,20,140,10,40
17109,＜調味料類＞ （調味ソース類） ホワイトソース,,,,4.0500000,,990,62,88,18,3800,620,340,50,420,1,2,0.1,0.3,50,10,10,20
3031,（でん粉糖類） 還元麦芽糖,,,6.3864,1.6100000,,2080,Tr,997,0,0,Tr,Tr,0,0,Tr,0,Tr,0,0,0,0,0
17113,＜調味料類＞ （調味ソース類） 焼き肉のたれ,,,,4.0500000,,1640,-22,-327,-43,-33000,-2300,-230,-350,-900,-9,-5,-0.3,-5.1,-10,-70,-20,-240
10397,＜魚類＞ （いわし類） 缶詰 アンチョビ,,,12.058,5.3400000,0.64555,1570,68,1,242,52000,1400,1500,390,1800,26,37,2.4,0.9,620,520,10,-
10202,＜魚類＞ （たら類） すけとうだら たらこ 生,,,2.4167,1.9200000,0.00172807,1310,47,4,240,18000,3000,240,130,3900,6,31,0.8,0.4,1300,1300,10,Tr
17037,＜調味料類＞ （トマト加工品類） トマトソース,,,,1.1100000,,410,2,74,20,2400,3400,180,200,420,9,2,1.6,-,-,-,-,-
17045,＜調味料類＞ （みそ類） 米みそ 淡色辛みそ,,,2.69,1.1100000,0.00128457,1820,60,170,125,49000,3800,1000,750,1700,40,11,3.9,-,10,90,20,570
16013,＜アルコール飲料類＞ （醸造酒類） 紹興酒,,,6.22,3.3300000,,1260,Tr,51,17,150,550,250,190,370,3,4,0.2,4.9,-,-,-,-
6315,（レタス類） サニーレタス 葉 生,,,3.1809,0.4617021,0.0005645212766,150,2,12,12,40,4100,660,150,310,18,4,0.5,4.3,-,-,-,-
17026,＜調味料類＞ （だし類） 洋風だし,,,,,,60,0,3,13,1800,1100,50,60,370,1,1,0.1,0.1,-,-,-,-
17024,＜調味料類＞ （だし類） 鶏がらだし,,,,,,70,4,0,9,400,600,10,10,150,1,Tr,0.1,0,Tr,10,0,10
10151,＜魚類＞ （さけ・ます類） べにざけ くん製,,,4.5495,1.3900000,,1430,55,1,257,15000,2500,190,200,2400,8,5,0.7,0.1,-,-,-,-
6149,たけのこ 若茎 生,,,,0.9140000,,270,2,15,36,Tr,5200,160,130,620,4,13,1.3,6.8,40,10,0,20
14022,（その他） ショートニング 家庭用,,,8.9756,1.7400000,,8890,999,0,0,0,0,0,0,0,0,0,0,0,0,0,Tr,0
2005,＜いも類＞ こんにゃく しらたき,,,18.159,3.9800000,,70,Tr,1,2,100,120,750,40,100,5,1,0.2,0.3,-,-,-,-
15113,＜キャンデー類＞ マシュマロ,,,12.379,2.9300000,,3240,0,-793,-21,-70,-10,-10,0,-10,-1,0,-0.1,(Tr),0,0,0,0
6160,チンゲンサイ 葉 生,,,7.0824,0.5376471,,90,1,8,6,320,2600,1000,160,270,11,3,0.7,1.2,Tr,10,10,70
1114,こめ ［うるち米製品］ 上新粉,,,6.0888,1.9100000,0.00114502,3430,9,779,62,20,890,50,230,960,8,10,1.9,7.5,10,40,10,770
17106,＜調味料類＞ （調味ソース類） テンメンジャン,,,,,,2490,77,350,85,29000,3500,450,610,1400,16,10,2.7,5.4,10,50,70,580
6180,（とうもろこし類） スイートコーン 缶詰 ホールカーネルスタイル,,,11.401,3.7900000,,780,5,145,23,2100,1300,20,130,400,4,6,0.4,0.6,-,-,-,-
17058,＜香辛料類＞ からし 練り,,,12.755,2.1700000,0.00244759,3140,145,401,59,29000,1900,600,830,1200,21,10,1.5,3.6,-,-,-,-
17090,＜調味料類＞ （食酢類） 黒酢,,,3.7152,0.3970000,0.00044092,540,0,900,10,100,470,50,210,520,2,3,0.1,5.5,0,0,20,90
6136,（だいこん類） 切干しだいこん 乾,,,2.1176,0.2400000,0.00027629,2800,8,4840,97,2100,35000,5000,1600,2200,31,21,1.3,7.4,200,20,30,290
6185,（トマト類） 加工品 トマトジュース 食塩添加,,,5.0429,1.0300000,,150,1,330,7,1200,2600,60,90,180,3,1,0.6,0.5,40,Tr,10,40
11285,＜鳥肉類＞ にわとり ［若どり・主品目］ 手羽さき 皮つき 生,,,6.6482,1.7900000,0.00347325,2070,162,0,174,780,2100,200,160,1400,6,15,0.2,0,10,140,20,40
7040,（かんきつ類） オレンジ ネーブル 砂じょう 生,,,6.1538,0.9892308,,480,1,1080,9,10,1800,240,90,220,2,1,0.6,0.6,0,0,0,0
17072,＜香辛料類＞ チリパウダー,,,21.002,2.1700000,0.00244759,3740,82,601,150,25000,30000,2800,2100,2600,290,22,10,16.2,-,-,-,-
13056,＜牛乳及び乳製品＞ （チーズ類） ナチュラルチーズ モッツァレラ,,,35.645,7.7600000,0.00621359,2690,199,420,184,700,200,3300,110,2600,1,28,0.2,0.1,-,-,-,-
4004,あずき あん こし生あん,,,9.1722,1.7300000,,1470,6,2030,98,30,600,730,300,850,28,11,2.3,7.4,Tr,10,10,590
6130,（だいこん類） だいこん 葉 生,,,2,0.2666667,0.0003069888889,170,2,70,20,410,3400,1700,250,430,14,4,0.5,2.3,-,-,-,-
13017,＜牛乳及び乳製品＞ （クリーム類） ホイップクリーム 乳脂肪,,,36.5479,7.6200000,0.00599374,4090,407,1290,18,240,720,540,40,450,1,2,0.2,-,70,20,10,130
1031,こむぎ ［パン類］ フランスパン,,,11.651,2.4700000,,2890,13,5480,94,6200,1100,160,220,720,9,8,1.4,3.9,Tr,290,10,200
6128,（だいこん類） かいわれだいこん 芽ばえ 生,,,1.8,0.2400000,0.00027629,210,5,140,21,50,990,540,330,610,5,3,0.3,3.5,120,0,0,60
15097,＜ビスケット類＞ ビスケット ハードビスケット,,,10.47,2.6500000,0.00304037,4220,100,7550,76,3200,1400,3300,220,960,9,5,1.2,5.8,40,40,20,90
6093,ししとう 果実 生,,,37.333,4.3555556,,240,3,210,19,10,3400,110,210,340,5,3,1,1.8,0,40,10,40
7158,ココナッツ ココナッツミルク,,,,,,1570,160,260,19,120,2300,50,280,490,8,3,2.2,5.9,-,-,-,-
17017,＜調味料類＞ （食酢類） 果実酢 ぶどう酢,,,3.7893,0.3970000,0.00044092,220,Tr,120,1,40,220,30,20,80,2,Tr,0.1,0.3,Tr,0,10,10
1004,えんばく オートミール,,,2.83,0.6670000,,3500,57,5970,137,30,2600,470,1000,3700,39,21,2.8,-,0,180,0,1100
6020,（えんどう類） さやえんどう 若ざや 生,,,8.3199,1.1538462,,380,2,450,31,10,2000,350,240,630,9,6,1,4,Tr,0,0,240
17013,＜調味料類＞ （食塩類） 並塩,,,3.28,0.8770000,,0,0,0,0,380000,1600,550,730,0,Tr,Tr,0.2,Tr,-,-,-,-
6178,（とうもろこし類） スイートコーン 未熟種子 カーネル 冷凍,,,4.567,1.0600000,0.00085313,910,13,1500,29,10,2300,30,230,790,3,5,0.4,1,0,10,Tr,50
7049,かき 甘がき 生,,,4.2662,0.6791209,,630,2,1430,4,10,1700,90,60,140,2,1,0.3,5,0,0,10,10
10292,＜貝類＞ かき 養殖 生,,,3.441,3.5920000,,580,22,490,69,4600,1900,840,650,1000,21,140,10.4,3.9,670,460,30,40
6151,たけのこ 水煮缶詰,,,,3.7900000,,220,2,170,27,30,770,190,40,380,3,4,0.4,6.8,0,0,10,0
10173,＜魚類＞ さんま 皮つき 生,,,5.22,1.6800000,,2870,256,10,181,1400,2000,280,280,1800,14,8,1.2,0.2,220,320,20,10
6022,（えんどう類） スナップえんどう 若ざや 生,,,7.97,1.1052632,,470,1,740,29,10,1600,320,210,620,6,4,0.8,2.2,-,-,-,-
3027,（でん粉糖類） 異性化液糖 果糖ぶどう糖液糖,,,6.2307,1.5400000,,2830,0,7500,0,Tr,Tr,Tr,0,10,1,0,Tr,0,0,0,0,0
6054,カリフラワー 花序 生,,,5.0862,0.9140000,,280,1,230,30,80,4100,240,180,680,6,6,0.5,2.2,0,0,0,40
8020,なめこ 株採り 生,,,6.7428,1.9300000,0.00166694,210,2,200,18,30,2400,40,100,680,7,5,1.1,0.6,Tr,20,Tr,10
15138,＜その他＞ カスタードクリーム,,,,,,2240,26,4580,47,520,950,460,70,880,5,4,0.4,1.5,100,60,10,50
1117,こめ ［もち米製品］ もち,,,6.0888,1.9100000,0.00114502,2230,6,5030,40,0,320,30,60,220,1,9,1.3,5.8,0,20,0,560
7054,キウイフルーツ 緑肉種 生,,,3.8755,0.5235294,,510,2,1080,10,10,3000,260,140,300,3,1,1,0.9,0,10,0,Tr
15133,＜ケーキ・ペストリー類＞ タルト （洋菓子）,,,14.133,3.9800000,,2470,135,2910,47,790,1200,820,110,770,6,4,0.5,1.9,90,50,10,70
6019,（えんどう類） トウミョウ 茎葉 生,,,7.5711,0.4570000,,280,4,70,38,70,3500,340,220,610,10,4,0.8,11.1,-,-,-,-
6104,（しょうが類） しょうが 漬物 酢漬,,,6.5941,0.7640000,,150,2,170,3,22000,250,220,60,50,2,Tr,0.2,4.1,0,0,20,0
4106,だいず ［全粒・全粒製品］ 全粒 黒大豆 国産 ゆで,,,3.7914,1.0400000,0.00192339,1550,86,190,147,Tr,4800,550,640,2200,26,14,3.3,9.8,0,10,0,1700
18041,洋風料理 カレー類 ポークカレー,,,,,,1160,-86,-680,-28,-5500,-1000,-140,-70,-320,-5,-3,-0.4,-1,0,-30,-10,-20
7062,（かんきつ類） グレープフルーツ 白肉種 砂じょう 生,,,5.3185,0.7771429,0.0009953285714,400,1,900,9,10,1400,150,90,170,Tr,1,0.4,0.1,0,0,0,10
17034,＜調味料類＞ （トマト加工品類） トマトピューレー,,,,,,440,1,810,19,190,4900,190,270,370,8,3,1.9,1.9,0,10,20,90
10438,＜魚類＞ （さけ・ます類） たいせいようさけ 養殖 皮なし 生,,,15.111,6.5500000,0.0057967,2180,165,10,201,430,3700,90,270,2400,3,5,0.5,0.1,50,190,0,0
6293,モロヘイヤ 茎葉 生,,,2.5431,0.4570000,,360,5,40,48,10,5300,2600,460,1100,10,6,3.3,13.2,40,10,20,150
7124,ブルーベリー 生,,,5.91,1.4400000,0.00165173,480,1,960,5,10,700,80,50,90,2,1,0.4,2.6,0,0,Tr,10
17071,＜香辛料類＞ タイム 粉,,,49.975,2.1700000,0.00244759,3420,52,698,65,130,9800,17000,3000,850,1100,20,5.7,66.7,-,-,-,-
10431,＜えび・かに類＞ （えび類） さくらえび 生,,,5.8618,1.7100000,0.0016008,780,20,1,166,2700,3100,6300,690,3300,3,13,9,0.5,1100,640,10,30
11189,＜畜肉類＞ ぶた ［ソーセージ類］ フランクフルトソーセージ,,,53.807,6.5000000,0.01070629,2950,247,620,127,7400,2000,120,130,1700,9,18,0.8,0.5,360,150,40,40
6366,（しょうが類） しょうが 根茎 皮なし 生 おろし汁,,,14.708,0.3980000,0.00048302,170,3,320,4,30,3000,20,190,240,2,2,0.4,31.6,0,0,Tr,60
11233,＜鳥肉類＞ にわとり ［副品目］ すなぎも 生,,,3.6482,1.7900000,0.00347325,860,18,Tr,183,550,2300,70,140,1400,25,28,1,-,-,-,-,-
17003,＜調味料類＞ （ウスターソース類） 濃厚ソース,,,12.049,2.2100000,,1300,1,2990,9,22000,2100,610,260,170,15,1,2.3,2.3,-,-,-,-
17053,＜調味料類＞ （その他） 酒かす,,,4.85,0.0088500,,2150,15,1860,149,50,280,80,90,80,8,23,3.9,-,-,-,-,-
3009,（砂糖類） 加工糖 氷砂糖,,,9.4,1.3200000,,3940,0,1000,0,Tr,Tr,Tr,0,0,1,Tr,0,-,-,-,-,-
15115,＜チョコレート類＞ ホワイトチョコレート,,,32.566,7.6500000,0.00754648,5880,395,503,72,920,3400,2500,240,2100,1,8,0,0,200,50,10,80
17033,＜調味料類＞ （調味ソース類） ミートソース,,,,4.0500000,,960,50,101,38,6100,2500,170,-,470,8,-,-,-,-,-,-,-
10328,＜えび・かに類＞ （えび類） しばえび 生,,,11.364,1.7100000,0.0016008,780,4,1,187,2500,2600,560,300,2700,10,10,4,1,-,-,-,-
3029,（その他） 黒蜜,,,10.1,0.9470000,,1990,0,505,10,150,6200,1400,170,170,26,3,1,-,80,20,70,50
17141,＜調味料類＞ （だし類） めんつゆ 二倍濃縮,,,,,,710,0,144,34,26000,1600,120,250,670,6,3,0,-,-,-,-,-
17085,＜調味料類＞ （ウスターソース類） お好み焼きソース,,,12.049,4.0500000,0.00595625,1440,1,328,16,19000,2400,310,200,280,9,2,1,1,20,20,50,60
6173,とうがん 果実 生,,,,2.4714286,,150,1,25,5,10,2000,190,70,180,2,1,0,0,70,0,0,40
13034,＜牛乳及び乳製品＞ （チーズ類） ナチュラルチーズ カマンベール,,,35.674,7.7600000,0.00621359,2910,247,9,191,8000,1200,4600,200,3300,2,28,0,0,170,140,10,80
7019,うめ 生,,,7.054,1.0529412,0.001441705882,330,5,54,7,20,2400,120,80,140,6,1,1,1,0,0,Tr,10
17136,＜調味料類＞ （その他） キムチの素,,,,1.8800000,,1250,10,224,53,36000,3500,290,310,520,13,3,1,2,19000,110,180,60
11235,＜鳥肉類＞ にわとり ［副品目］ 皮 もも 生,,,3.2782,1.7900000,0.00347325,4740,516,0,66,230,330,60,60,340,3,4,0,0,10,90,30,10
11089,＜畜肉類＞ うし ［ひき肉］ 生,,,54.6,12.9000000,0.01073696,2510,211,3,171,640,2600,60,170,1000,24,52,1,Tr,10,110,20,10
1047,こむぎ ［中華めん類］ 中華めん 生,,,5.5778,1.8400000,0.00222004,2490,12,503,86,4100,3500,210,130,660,5,4,1,4,Tr,330,10,200
13042,＜牛乳及び乳製品＞ （アイスクリーム類） アイスクリーム 高脂肪,,,5.2449,2.2400000,0.00179993,2050,120,223,35,800,1600,1300,140,1100,1,5,0,-,130,40,0,70
4028,だいず ［全粒・全粒製品］ 水煮缶詰 黄大豆,,,12.651,1.0400000,0.00192339,1240,67,9,129,2100,2500,1000,550,1700,18,11,3,8,-,-,-,-
5010,（くり類） 日本ぐり 生,,,,3.9428571,0.006495042857,1470,5,327,28,10,4200,230,400,700,8,5,3,33,0,30,0,20
10092,＜魚類＞ （かつお類） 加工品 削り節,,,8.24,2.8300000,0.00249383,3270,32,4,757,4800,8100,460,910,6800,90,25,4,1,-,-,-,-
10386,＜水産練り製品＞ さつま揚げ,,,7.72,3.2000000,0.00307561,1160,24,126,113,8000,790,200,160,1100,1,2,0,0,180,150,30,Tr
3024,（でん粉糖類） 水あめ 酵素糖化,,,6.3864,1.6100000,0.00211082,3420,0,850,0,Tr,0,Tr,0,10,1,0,Tr,0,0,0,0,0
13033,＜牛乳及び乳製品＞ （チーズ類） ナチュラルチーズ カテージ,,,35.659,7.7600000,0.00621359,990,45,19,133,4000,500,550,40,1300,1,5,0,-,90,140,0,40
6003,あさつき 葉 生,,,1.37,0.4570000,,340,3,23,42,40,3300,200,160,860,7,8,1,4,-,-,-,-
5032,まつ 生,,,,,,6810,682,65,158,20,7300,140,2900,6800,56,69,14,98,-,-,-,-
8006,（きくらげ類） きくらげ 乾,,,,2.1800000,,2160,21,137,79,590,10000,3100,2100,2300,350,21,3,62,70,90,270,60
10361,＜いか・たこ類＞ （たこ類） まだこ 生,,,5.5518,1.7200000,0.0015834,700,9,2,161,3900,3000,150,550,1600,6,16,4,0,60,220,0,10
6088,ザーサイ 漬物,,,8.6303,0.7640000,,200,1,0,25,54000,6800,1400,190,670,29,4,1,3,-,-,-,-
6385,コリアンダー 葉 生,,,2.8257,0.4570000,,180,4,4,14,40,5900,840,160,590,14,4,1,4,20,Tr,20,230
11232,＜鳥肉類＞ にわとり ［副品目］ 肝臓 生,,,4.2835,1.7900000,0.00347325,1000,31,6,189,850,3300,50,190,3000,90,33,3,3,10,600,10,820
6320,わけぎ 葉 生,,,2.6491,0.4760417,,300,0,46,16,10,2300,590,230,250,4,2,0,2,-,-,-,-
4001,あずき 全粒 乾,,,5.1,0.9860000,0.00163873,3040,20,348,208,10,13000,700,1300,3500,55,24,7,11,0,10,20,2100
7046,（かんきつ類） オレンジ バレンシア マーマレード 高糖度,,,5.8462,0.5440000,,2330,1,625,2,20,990,50,60,100,1,Tr,0,0,-,-,-,-
7044,（かんきつ類） オレンジ バレンシア 果実飲料 50%果汁入り飲料,,,4.8098,0.6430000,0.00089253,460,2,107,4,10,1000,170,180,640,5,5,1,4,0,70,Tr,90
1018,こむぎ ［小麦粉］ 中力粉 1等,,,2.83,1.6100000,0.00136801,3370,16,723,90,10,1000,170,180,640,5,5,1,4,0,70,Tr,90
1036,こむぎ ［パン類］ イングリッシュマフィン,,,11.651,4.7800000,0.00523032,2240,36,396,81,4800,840,530,190,960,9,8,1,3,-,-,-,-
7125,ブルーベリー ジャム,,,,,,1740,3,395,7,10,750,80,50,120,3,1,1,6,-,-,-,-
12022,鶏卵 全卵 いり,,,7.104,1.7200000,0.00308047,1900,167,3,133,1600,1400,580,130,2000,18,14,1,0,220,310,0,50
16054,＜その他＞ （炭酸飲料類） サイダー,,,3.3405,0.8260000,0.00120376,410,Tr,102,Tr,40,Tr,10,Tr,0,Tr,1,0,0,-,-,-,-
4066,ひよこまめ 全粒 ゆで,,,10.245,1.0500000,,1490,25,158,95,50,3500,450,510,1200,12,18,3,11,Tr,50,10,560
6313,（レタス類） サラダな 葉 生,,,3.0612,0.4822222,0.0005896111111,100,2,9,10,60,4100,560,140,490,24,2,0,-,-,-,-,-
10311,＜貝類＞ ほたてがい 生,,,2.8,2.6400000,0.00237244,660,9,15,135,3200,3100,220,590,2100,22,27,1,1,-,-,-,-
17132,＜調味料類＞ （だし類） 昆布だし 煮出し,,,,,,50,0,12,1,730,1600,50,80,40,Tr,0,0,0,110000,0,0,0
17039,＜調味料類＞ （ドレッシング類） 分離液状ドレッシング 和風ドレッシングタイプ調味料 ノンオイルタイプ,,,,4.0500000,,830,1,159,31,29000,1300,100,340,540,3,2,0,-,-,-,-,-
14008,（植物油脂類） なたね油,,,8.6655,1.0000000,0.00158655,8870,1000,0,0,0,Tr,Tr,0,Tr,0,Tr,0,0,0,0,0,0
6319,ルッコラ 葉 生,,,6.1429,0.4663265,,170,4,5,19,140,4800,1700,460,400,16,8,1,7,-,-,-,-
18050,洋風料理 ハンバーグステーキ類 合いびきハンバーグ,,,,,,1970,122,89,134,3400,2800,290,230,1100,13,24,1,1,10,90,10,10
11215,＜鳥肉類＞ にわとり ［親・主品目］ もも 皮つき 生,,,3.2782,1.7900000,0.00347325,2340,191,0,173,420,1600,80,160,1100,9,17,1,0,-,-,-,-
17019,＜調味料類＞ （だし類） かつおだし 荒節,,,,,,20,Tr,0,4,210,290,20,30,180,Tr,Tr,Tr,0,10,40,0,0
10450,＜魚類＞ （まぐろ類） くろまぐろ 養殖 赤身 生,,,7.7285,2.5900000,0.00236546,1530,76,3,248,280,4300,30,380,2700,8,5,0,Tr,310,790,0,0
6023,（えんどう類） グリンピース 生,,,7.5711,1.0500000,,760,4,76,69,10,3400,230,370,1200,17,12,2,5,0,10,0,650
1049,こむぎ ［中華めん類］ 蒸し中華めん 蒸し中華めん,,,5.577899,1.8400000,0.00222004,1620,17,325,49,1100,800,100,90,400,4,2,1,2,Tr,90,10,60
17079,＜香辛料類＞ パプリカ 粉,,,9.5059,2.1700000,0.00244759,3850,116,556,155,600,27000,1700,2200,3200,210,100,11,10,170,100,330,130
13037,＜牛乳及び乳製品＞ （チーズ類） ナチュラルチーズ チェダー,,,35.674,7.7600000,0.00621359,3900,338,14,257,8000,850,7400,240,5000,3,40,1,-,200,120,0,70
17035,＜調味料類＞ （トマト加工品類） トマトペースト,,,,,,940,1,173,38,550,11000,460,640,930,16,6,3,4,-,-,-,-
6077,クレソン 茎葉 生,,,7.0824,0.5376471,,130,1,0,21,230,3300,1100,130,570,11,2,1,-,20,20,10,200
7142,（かんきつ類） ゆず 果皮 生,,,3.7229,0.5440000,0.00069673,500,5,73,12,50,1400,410,150,90,3,1,0,1,0,0,0,10
11064,＜畜肉類＞ うし ［輸入牛肉］ かたロース 脂身つき 生,,,95.3,12.9000000,0.01073696,2210,174,1,179,490,3000,40,180,1500,12,58,1,0,-,-,-,-
12002,うずら卵 全卵 生,,,7,2.0705882,,1570,131,3,126,1300,1500,600,110,2200,31,18,1,0,1400,460,0,80
9021,（こんぶ類） 削り昆布,,,16.7,1.1800000,0.0010946,1770,9,220,65,21000,48000,6500,5200,1900,36,11,1,2,-,-,-,-
7136,（もも類） もも 白肉種 生,,,4.3,0.7694118,0.0008253294118,380,1,89,6,10,1800,40,70,180,1,1,1,0,0,0,0,10
1137,とうもろこし コーンフレーク,,,,,,3800,17,812,78,8300,950,10,140,450,9,2,1,-,Tr,50,30,150
6249,（ピーマン類） 黄ピーマン 果実 生,,,17.922,2.2888889,0.002584433333,280,2,53,8,Tr,2000,80,100,210,3,2,0,2,-,-,-,-
6124,そらまめ 未熟豆 生,,,10.095,1.4000000,,1020,2,129,109,10,4400,220,360,2200,23,14,4,2,0,Tr,0,1500
11217,＜鳥肉類＞ にわとり ［親・副品目］ ささみ 生,,,3.4507,1.7900000,0.00347325,1070,11,0,246,400,2800,80,210,2000,6,24,1,-,-,-,-,-
6132,（だいこん類） だいこん 根 皮つき 生,,,2.1176,0.2666667,0.0003069888889,150,1,27,5,190,2300,240,100,180,2,2,0,0,30,10,0,30
5005,カシューナッツ フライ 味付け,,,,,,5910,476,200,198,2200,5900,380,2400,4900,48,54,19,-,0,270,10,300
1085,こめ ［水稲めし］ 玄米,,,4.3514,1.6400000,0.0009327,1520,10,342,28,10,2300,90,1100,2900,21,18,3,21,Tr,30,0,650
6224,（にんにく類） 茎にんにく 花茎 生,,,3.4725,0.3980000,,440,3,68,19,90,1600,450,150,330,5,3,1,4,-,-,-,-
4101,あずき あん こし練りあん （並あん）,,,9.1722,1.7300000,,2550,3,549,56,20,350,420,170,490,16,6,1,4,0,0,10,340
17066,＜香辛料類＞ さんしょう 粉,,,9.5059,2.1700000,0.00244759,3750,62,696,103,100,17000,7500,1000,2100,100,9,3,-,320,60,210,190
15074,＜ケーキ・ペストリー類＞ スポンジケーキ,,,14.113,3.9500000,,2830,75,514,79,650,920,270,80,940,8,6,1,1,150,120,10,60
17018,＜調味料類＞ （食酢類） 果実酢 りんご酢,,,3.7152,0.3970000,0.00044092,260,0,24,1,180,590,40,40,60,2,1,-,-,-,-,-,-
1169,こめ ［うるち米製品］ ライスペーパー,,,6.0888,1.2500000,,3390,3,835,5,6700,220,210,210,120,12,1,0,1,60,Tr,180,30
7041,（かんきつ類） オレンジ バレンシア 米国産 砂じょう 生,,,5.4862,1.0716667,0.00148755,420,1,90,10,10,1400,210,110,240,3,2,1,1,0,0,0,10
10139,＜魚類＞ （さけ・ます類） しろさけ 塩ざけ,,,15.111,1.3900000,0.0012886,1830,111,1,224,7200,3200,160,300,2700,3,4,1,0,180,430,0,0
17105,＜調味料類＞ （調味ソース類） デミグラスソース,,,,,,820,30,110,29,5200,1800,110,110,530,3,3,0,1,20,10,70,30
4023,だいず ［全粒・全粒製品］ 全粒 黄大豆 国産 乾,,,2.9,1.0400000,0.00192339,3720,197,80,338,10,19000,1800,2200,4900,68,31,11,23,0,50,30,3500
10140,＜魚類＞ （さけ・ます類） しろさけ イクラ,,,1.6767,1.5800000,,2520,156,2,326,9100,2100,940,950,5300,20,21,8,1,-,-,-,-
6399,（その他） 野菜ミックスジュース 通常タイプ,,,5.2336,1.0300000,,210,1,38,8,170,2300,100,90,190,2,1,1,1,0,0,10,30
10330,＜えび・かに類＞ （えび類） 加工品 干しえび,,,5.8618,1.7100000,0.0016008,2130,28,3,486,15000,7400,71000,5200,9900,150,39,52,39,-,-,-,-
17062,＜香辛料類＞ クローブ 粉,,,9.5059,2.1700000,0.00244759,3980,136,664,72,2800,14000,6400,2500,950,99,11,4,930,-,-,-,-
5042,ごま ねり,,,9.5059,2.1700000,,6460,610,44,190,60,4800,5900,3400,6700,58,53,15,18,Tr,220,50,1500
5012,（くり類） 日本ぐり 甘露煮,,,,,,2320,4,540,18,70,750,80,80,250,6,1,2,8,-,-,-,-
7014,いちご ジャム 低糖度,,,8.32,2.8100000,,1940,1,473,5,120,790,120,80,140,4,1,0,2,-,-,-,-
6139,（だいこん類） 漬物 たくあん漬 干しだいこん漬,,,5.0525,1.1300000,,230,1,18,19,9700,5000,760,800,1500,10,8,1,9,-,-,-,-
6386,（しょうが類） 新しょうが 根茎 生,,,4.4125,0.3980000,,100,3,8,3,30,3500,110,150,230,5,4,0,77,Tr,0,10,30
15093,＜ビスケット類＞ クラッカー オイルスプレークラッカー,,,10.47,2.6500000,0.00304037,4810,225,618,85,6100,1100,1800,180,1900,8,5,1,5,0,30,20,100
4089,だいず ［その他］ おから 乾燥,,,2.9,1.0400000,0.00192339,3330,136,87,231,190,13000,3100,1500,3800,49,23,5,15,40,40,40,1700
9005,あまのり 味付けのり,,,3.9309,1.0500000,0.0009514,3030,35,166,400,17000,27000,1700,2900,7100,82,37,6,24,-,-,-,-
7097,パインアップル 生,,,5.491,1.1618182,0.003061836364,540,1,125,6,Tr,1500,110,140,90,2,1,1,13,0,0,0,Tr
1129,そば 干しそば 乾,,,5.89,0.3930000,,3440,23,630,140,8500,2600,240,1000,2300,26,15,3,11,-,-,-,-
7037,オリーブ 塩漬 グリーンオリーブ,,,,,,1480,150,12,10,14000,470,790,130,80,3,2,2,0,-,-,-,-
7088,（なし類） 日本なし 生,,,6.2354,0.6729412,0.0007671411765,380,1,104,3,Tr,1400,20,50,110,0,1,1,0,0,0,0,Tr
16044,＜茶類＞ （発酵茶類） 紅茶 浸出液,,,59.228,15.4000000,0.0305825,10,0,1,1,10,80,10,10,20,0,Tr,0,2,0,0,0,0
14028,（植物油脂類） ぶどう油,,,8.4566,1.2300000,0.00192979,8820,1000,0,0,0,0,0,0,0,0,0,0,0,-,-,-,-
5034,らっかせい 大粒種 乾,,,7.709,1.0771429,0.002088071429,5720,470,109,252,20,7400,490,1700,3800,16,23,6,16,10,200,40,880
1142,ライむぎ 全粒粉,,,3.25,0.6670000,0.00103098,3170,27,574,127,10,1400,250,300,1400,15,7,1,-,-,-,-,-
16045,＜コーヒー・ココア類＞ コーヒー 浸出液,,,6.93,13.7000000,0.025799,40,Tr,7,2,10,650,20,60,70,Tr,Tr,0,0,0,0,0,0
1075,こむぎ ［その他］ しゅうまいの皮 生,,,3.25,0.6160000,,2750,14,567,83,20,720,160,170,600,6,5,1,3,-,-,-,-
11105,＜畜肉類＞ うし ［加工品］ コンビーフ缶詰,,,52.365,13.1000000,0.01536635,1910,130,17,217,6900,1100,150,130,1200,35,41,1.1,0.4,90,100,40,10
6171,とうがらし 果実 生,,,14.34,5.1500000,,720,34,60,39,60,7600,200,420,710,20,5,2.3,2.7,0,0,0,0
17117,＜調味料類＞ （ドレッシング類） 乳化液状ドレッシング ごまドレッシング,,,,,,3990,383,142,27,18000,910,860,340,660,10,6,1.2,3.2,10,4,10,15
13021,＜牛乳及び乳製品＞ （クリーム類） コーヒーホワイトナー 液状 乳脂肪・植物性脂肪,,,33.092,0.5370000,,2270,216,37,48,1600,500,260,30,1400,1,3,0.1,0.1,0,0,0,0
1146,こむぎ ［小麦粉］ プレミックス粉 お好み焼き用,,,3.25,1.6100000,0.00136801,3350,19,708,101,14000,2100,640,310,3200,10,7,1.3,9.2,14000,80,30,150
17149,＜調味料類＞ （ドレッシング類） 乳化液状ドレッシング フレンチドレッシング 乳化液状,,,,,,3760,388,93,1,25000,30,10,Tr,30,Tr,Tr,Tr,0,10,0,0,Tr
10154,＜魚類＞ （さば類） まさば 生,,,1.2,1.6900000,0.00150297,2110,168,3,206,1100,3300,60,300,2200,12,11,1.2,0.1,210,700,20,0
7029,（かんきつ類） うんしゅうみかん 砂じょう 普通 生,,,4.75,1.0853333,0.001110413333,490,1,111,7,10,1500,150,100,150,1,1,0.3,0.5,Tr,0,0,Tr
10241,＜魚類＞ ぶり 成魚 生,,,10.948,3.9400000,0.0036688,2220,176,3,214,320,3800,50,260,1300,13,7,0.8,0.1,240,570,Tr,0
1076,こむぎ ［その他］ ピザ生地,,,3.25,0.9300000,0.00136801,2650,30,488,91,5100,910,130,220,770,8,6,0.9,5,0,0,0,0
6322,わさび 根茎 生,,,4.0427,3.1000000,0.003496557143,890,2,140,56,240,5000,1000,460,790,8,7,0.3,1.4,10,90,10,20
17111,＜調味料類＞ （調味ソース類） マリネ液,,,,,,660,0,109,1,3700,260,40,30,60,2,0,0.1,0.4,0,0,0,Tr
17064,＜香辛料類＞ こしょう 白 粉,,,9.5059,2.1700000,0.00244759,3760,64,701,101,40,600,2400,800,1400,73,9,10,44.5,20,20,50,240
6287,（もやし類） だいずもやし 生,,,2.9,0.3266667,,290,14,2,36,30,1600,250,230,540,5,3,1.1,2.8,10,50,0,570
16022,＜アルコール飲料類＞ （混成酒類） 梅酒,,,6.06,1.4700000,0.00175247,1550,Tr,207,1,40,390,10,20,30,Tr,Tr,0.1,0.1,0,0,10,Tr
10047,＜魚類＞ （いわし類） まいわし 生,,,1.2,1.7100000,0.00152194,1560,92,2,192,810,2700,740,300,2300,21,16,2,0.4,240,480,Tr,Tr
6017,えだまめ 冷凍,,,10.332,3.2600000,,1430,76,33,130,50,6500,760,760,1900,25,14,4.2,11.2,20,20,0,1900
4053,だいず ［その他］ 豆乳 調製豆乳,,,,,,610,36,37,32,500,1700,310,190,440,12,4,1.2,2.3,Tr,10,Tr,320
1039,こむぎ ［うどん・そうめん類］ うどん ゆで,,,5.89,1.0720000,,950,4,203,26,1200,90,60,60,180,2,1,0.4,1.2,Tr,20,10,20
6370,（トマト類） ドライトマト,,,5.4639,0.6160000,,2910,21,456,142,1200,32000,1100,1800,3000,42,19,8.2,12.2,40,160,110,290
15001,＜和生菓子・和半生菓子類＞ 甘納豆 あずき,,,5.1,0.9860000,0.00163873,2830,3,647,34,450,1700,110,170,380,7,4,1.2,1.8,0,10,50,380
10199,＜魚類＞ （たら類） すけとうだら 生,,,2.2,1.9200000,0.00172807,720,10,1,174,1000,3500,130,240,1800,2,5,0.3,0,1600,250,0,0
5037,らっかせい ピーナッツバター,,,,0.7540000,0.00146165,5990,504,173,206,3500,6500,470,1800,3700,16,27,6.5,14.5,10,50,30,920
1079,こむぎ ［その他］ パン粉 乾燥,,,3.25,0.9300000,0.00136801,3490,41,609,149,5700,1600,250,360,1200,11,9,1.6,6.2,10,460,10,250
11101,＜畜肉類＞ うし ［副生物］ 腱 ゆで,,,42.8,12.9000000,0.01073696,1570,51,Tr,310,860,180,140,40,230,4,10,0.2,0.1,10,90,10,10
14033,（マーガリン類） マーガリン 家庭用 無塩,,,7.32,2.0400000,0.00290174,7150,831,5,4,Tr,270,140,20,170,Tr,1,Tr,Tr,20,10,0,20
6349,（にんにく類） にんにく りん茎 油いため,,,,,,1910,59,238,82,160,6100,180,290,2000,12,10,2.1,3.6,0,0,0,0
11130,＜畜肉類＞ ぶた ［大型種肉］ もも 脂身つき 生,,,10.305,6.5000000,0.01070629,1710,102,2,205,470,3500,40,240,2000,7,20,0.8,0.1,0,0,0,0
6276,（みつば類） 根みつば 葉 生,,,9.3231,,,190,1,12,19,50,5000,520,210,640,18,2,0.7,4.2,0,0,0,0
1066,こむぎ ［ふ類］ 焼きふ 釜焼きふ,,,,0.6080000,,3570,27,532,285,60,1200,330,430,1300,33,22,3.2,0,0,0,0,0
9047,わかめ めかぶわかめ 生,,,4.8,0.8980000,0.00081038,140,6,0,9,1700,880,770,610,260,3,2,0.2,0.3,3900,Tr,10,20
6070,きゅうり 漬物 ピクルス サワー型,,,8.2747,1.1200000,0.00116998,130,Tr,11,14,10000,110,230,240,50,12,1,0.4,2,-,-,-,-
10055,＜魚類＞ （いわし類） しらす干し 微乾燥品,,,4.56,1.4400000,0.0013141,1130,21,1,245,17000,1700,2800,800,4800,6,17,0.6,1,270,610,30,10
7038,オリーブ 塩漬 ブラックオリーブ,,,,,,1210,123,9,8,6400,100,680,110,50,8,2,1.7,0.8,0,0,0,0
12018,鶏卵 たまご焼 厚焼きたまご,,,7.2674,1.7600000,,1460,92,65,105,4500,1300,410,110,1500,13,9,0.5,0.3,5400,220,0,20
6034,かぶ 葉 生,,,4.0427,0.5685714,0.0006900285714,200,1,10,23,240,3300,2500,250,420,21,3,1,6.4,60,30,20,160
10340,＜えび・かに類＞ （かに類） たらばがに 水煮缶詰,,,17.682,5.3400000,0.0064555,850,3,1,206,5800,900,520,340,2200,2,63,5.8,0.6,-,-,-,-
5019,ごま むき,,,9.5059,0.2420000,,5700,549,58,193,20,4000,620,3400,8700,60,55,15.3,12.3,10,430,10,1200
4006,あずき あん つぶし練りあん,,,9.1722,1.7300000,,2390,6,483,56,560,1600,190,230,730,15,7,2,4,0,Tr,10,490
17094,＜調味料類＞ （調味ソース類） 甘酢,,,,,,1160,0,284,1,4700,50,20,10,10,0,1,Tr,0,0,0,10,10
6156,（たまねぎ類） 赤たまねぎ りん茎 生,,,2.1087,0.3543478,0.0006071608696,340,1,73,9,20,1500,190,90,340,3,2,0..4,1.4,-,-,-,-
7078,（かんきつ類） すだち 果皮 生,,,3.7229,0.5440000,0.00069673,550,3,63,18,10,2900,1500,260,170,4,4,0.9,1.8,-,-,-,-
1111,こめ ［うるち米製品］ おにぎり,,,6.3088,1.9100000,0.00114502,1700,3,390,27,2000,310,30,70,370,1,6,1,3.8,-,-,-,-
4038,だいず ［豆腐・油揚げ類］ 焼き豆腐,,,4.67,1.4100000,0.00174948,820,57,5,78,40,900,1500,370,1100,16,8,1.6,6,-,-,-,-
2040,＜でん粉・でん粉製品＞ （でん粉製品） はるさめ 普通はるさめ 乾,,,4.0865,1.0300000,0.00146559,3460,2,854,0,70,140,410,50,460,4,Tr,0.1,0.5,0,0,40,0
6240,はつかだいこん 根 生,,,2.4,0.5306667,0.0006440266667,130,1,1.9,8,80,2200,210,110,460,3,1,0.2,0.5,-,-,-,-
15054,＜ビスケット類＞ 中華風クッキー,,,10.47,2.6500000,0.00304037,5130,295,60.7,51,970,810,250,60,630,4,3,0.5,1.9,40,50,10,60
13055,＜牛乳及び乳製品＞ （チーズ類） ナチュラルチーズ マスカルポーネ,,,35.645,7.7600000,0.00621359,2730,282,43,44,350,1400,1500,100,990,1,5,0.1,0,160,30,10,80
14016,（動物油脂類） ラード,,,1.4949,0.2440000,0.00025361,8850,1000,0,0,0,0,0,0,0,0,Tr,Tr,0,0,0,0,0
7081,（すもも類） プルーン 生,,,3.7606,0.8557895,0.001008410526,490,7,107,1,10,2200,60,70,140,2,1,0.6,0.9,-,-,-,-
16006,＜アルコール飲料類＞ （醸造酒類） ビール 淡色,,,3.16,1.3000000,0.00239935,390,0,31,3,30,340,30,70,150,Tr,Tr,Tr,0.1,10,Tr,0,0
11140,＜畜肉類＞ ぶた ［大型種肉］ ヒレ 赤肉 生,,,15.076,6.5000000,0.01070629,1180,37,3,222,560,4300,30,270,2300,9,22,0.7,0.1,10,210,10,10
10448,＜魚類＞ （たら類） 加工品 桜でんぶ,,,,1.9200000,0.00173842,3510,5,802,106,9300,430,3000,170,1800,4,6,0.3,0.3,580,140,40,Tr
1174,こむぎ ［パン類］ 角形食パン 焼き,,,4.83,2.4500000,0.00289658,2690,45,460,97,5200,930,260,200,770,5,6,1,28,10,250,10,170
13011,＜牛乳及び乳製品＞ （粉乳類） 乳児用調製粉乳,,,26.95,1.6500000,,5100,268,559,124,1400,5000,3700,400,2200,65,28,3.4,0.5,410,80,40,160
8003,えのきたけ 味付け瓶詰,,,13.118,0.9570000,0.00084064,760,3,148,36,17000,3200,100,260,1500,8,6,0.8,2.4,-,30,-,60
13005,＜牛乳及び乳製品＞ （液状乳類） 加工乳 低脂肪,,,26.95,1.7300000,0.00137482,420,10,55,38,600,1900,1300,140,900,1,4,0.1,0.1,190,30,0,40
1122,そば そば粉 全層粉,,,,,,3390,31,656,120,20,4100,170,1900,4000,28,24,5.4,10.9,10,70,40,470
11212,＜鳥肉類＞ にわとり ［親・主品目］ 手羽 皮つき 生,,,9.6663,1.7900000,0.00347325,1820,104,0,230,440,1200,160,140,1000,12,17,0.5,0.1,-,-,-,-
7020,うめ 梅漬 塩漬,,,9.9292,1.0529412,0.001441705882,270,4,40,7,76000,1500,470,320,150,29,1,1.1,2.1,-,-,-,-
1176,こむぎ ［パン類］ 角形食パン 耳,,,10.733,2.4500000,0.00289658,2730,45,461,97,5100,920,230,180,730,5,6,1,2.7,10,220,10,140
10260,＜魚類＞ （まぐろ類） 缶詰 水煮 フレーク ライト,,,20.272,7.2200000,0.00879574,700,7,2,160,2100,2300,50,260,1600,6,7,0.5,0.1,-,-,-,-
7145,（かんきつ類） ライム 果汁 生,,,3.7229,0.5440000,0.00069673,390,1,91,4,10,1600,160,90,160,2,1,0.3,0.1,-,-,-,-
7047,（かんきつ類） オレンジ バレンシア マーマレード 低糖度,,,,,,1900,1,464,3,90,490,190,50,50,2,Tr,0.1,0.3,-,-,-,-
6256,（ふき類） ふき 葉柄 生,,,,,,110,0,17,3,350,3300,400,60,180,1,2,0.5,3.6,Tr,0,0,20
18015,洋風料理 素揚げ類 ミートボール,,,,,,1990,125,121,102,4600,2400,220,260,860,8,8,1,2.1,1600,70,10,20
10193,＜魚類＞ （たい類） まだい 養殖 皮つき 生,,,20.142,3.8200000,0.003541,1600,94,1,209,520,4500,120,320,2400,2,5,0.2,0,60,360,10,0
7015,いちじく 生,,,13.184,1.2470588,,570,1,124,6,20,1700,260,140,160,3,2,0.6,0.8,0,0,Tr,40
2021,＜いも類＞ じゃがいも 乾燥マッシュポテト,,,1.7778,0.0823000,0.00012408,3470,6,762,66,750,12000,240,710,1500,31,9,3.5,5.1,-,-,-,-
13016,＜牛乳及び乳製品＞ （クリーム類） クリーム 植物性脂肪,,,36.547,7.6200000,0.00599374,3530,395,33,13,400,670,500,60,790,0,2,0.3,0,70,10,20,20
13029,＜牛乳及び乳製品＞ （発酵乳・乳酸菌飲料） 乳酸菌飲料 殺菌乳製品,,,,0.9900000,0.00086746,2170,1,526,15,190,600,550,70,400,1,2,0.1,0.1,100,10,0,20
16014,＜アルコール飲料類＞ （蒸留酒類） しょうちゅう 連続式蒸留しょうちゅう,,,4.5826,0.9710000,0.00124475,2030,0,0,0,-,-,-,-,-,-,-,-,-,-,-,-,-
11195,＜畜肉類＞ ぶた ［その他］ 焼き豚,,,,6.5000000,0.01070629,1660,82,51,194,9300,2900,90,200,2600,7,13,0.6,0.4,60,170,20,50
13036,＜牛乳及び乳製品＞ （チーズ類） ナチュラルチーズ ゴーダ,,,35.675,7.7600000,0.00621359,3560,290,14,258,8000,750,6800,310,4900,3,36,0.2,0.1,-,-,-,-
17068,＜香辛料類＞ しょうが 粉,,,10.234,2.1700000,0.00244759,3650,49,725,78,310,14000,1100,3000,1500,140,17,5.7,280,10,30,60,110
1034,こむぎ ［パン類］ ロールパン,,,11.651,4.7800000,0.00523032,3090,90,466,101,4900,1100,440,220,970,7,8,1.2,2.9,-,-,-,-
9020,（こんぶ類） 刻み昆布,,,16.7,1.1800000,0.0010946,1190,5,111,54,4300082000,9400,7200,3000,86,11,0.7,3.4,2300000,20,330,140,
10389,＜魚類＞ （あじ類） まあじ 皮なし 生,,,10.252,1.7300000,0.00155469,1080,41,2,197,1100,3600,120,310,2200,9,6,0.9,0.1,200,420,0,0
4047,だいず ［納豆類］ 挽きわり納豆,,,2.9,1.0400000,0.00192339,1850,100,46,166,20,7000,590,880,2500,26,13,4.3,10,-,-,-,-
11234,＜鳥肉類＞ にわとり ［副品目］ 皮 むね 生,,,2.7135,1.7900000,0.00347325,4660,481,0,94,230,1400,30,80,630,3,5,0.5,0.1,-,-,-,-
6147,たかな 葉 生,,,6.5435,0.8293478,,210,2,17,18,430,3000,870,160,350,17,3,0.4,2.4,20,Tr,40,40
17099,＜調味料類＞ （調味ソース類） 三杯酢,,,,,,850,0,178,9,7800,560,50,110,270,2,2,Tr,0.8,1500,10,10,80
6181,（とうもろこし類） ヤングコーン 幼雌穂 生,,,3.75,0.5110000,0.00085313,290,2,33,23,0,2300,190,250,630,4,8,0.9,6,-,-,-,-
10063,＜魚類＞ （いわし類） 缶詰 油漬,,,12.058,5.3400000,0.64555,3510,307,3,203,3200,2800,3500,360,3700,14,21,2,2.2,-,-,-,-
6150,たけのこ 若茎 ゆで,,,,,,310,2,22,35,10,4700,170,110,600,4,12,1.3,5.5,-,-,-,-
1132,とうもろこし コーンミール 黄色種,,,3.75,0.5110000,0.00085313,3750,40,644,83,20,2200,50,990,1300,15,14,1.6,3.8,-,-,-,-
11115,＜畜肉類＞ ぶた ［大型種肉］ かた 脂身つき 生,,,14.992,6.5000000,0.01070629,2010,146,2,185,530,3200,40,210,1800,5,27,0.9,0.1,-,-,-,-
10180,＜魚類＞ （ししゃも類） ししゃも 生干し 生,,,,,,1520,81,2,210,4900,3800,3300,480,4300,16,18,1,1.1,740,350,10,10
10205,＜魚類＞ （たら類） まだら 生,,,5.9301,1.9700000,0.0017826,720,2,1,176,1100,3500,320,240,2300,2,5,0.4,0.1,3500,3100,0,0
7010,あんず ジャム 高糖度,,,,,,2520,1,642,3,100,750,80,40,60,2,1,0.2,0.2,-,-,-,-
17088,＜調味料類＞ （しょうゆ類） 照りしょうゆ,,,2.43,0.5520000,0.00064739,1720,0,357,24,16000,1100,100,200,510,5,2,0.4,3.1,Tr,30,10,130
11119,＜畜肉類＞ ぶた ［大型種肉］ かたロース 脂身つき 生,,,14.332,6.5000000,0.01070629,2370,192,1,171,540,3000,40,180,1600,6,27,0.9,0.1,-,-,-,-
17127,＜調味料類＞ （その他） ふりかけ たまご,,,,,,4280,219,346,234,36000,4900,3900,1200,4900,45,29,4.7,7.1,860,150,20,290
16049,＜コーヒー・ココア類＞ ココア ミルクココア,,,,,,4000,68,749,74,2700,7300,1800,1300,2400,29,21,9.3,7.4,-,-,-,-
18037,和風料理 煮物類 ひじきのいため煮,,,5.1965,1.3600000,0.0012917,750,40,65,31,5600,1800,1000,430,450,6,3,0.3,2.3,7500,30,20,70
10003,＜魚類＞ （あじ類） まあじ 皮つき 生,,,10.252,1.7300000,0.00155469,1120,45,1,197,1300,3600,660,340,2300,6,11,0.7,0.1,200,460,10,0
5016,ココナッツ ココナッツパウダー,,,,,,6760,658,96,61,100,8200,150,1100,1400,28,14,8,14.1,-,-,-,-
7152,りんご 果実飲料 30%果汁入り飲料,,,4.2223,1.0300000,,460,Tr,114,Tr,80,240,20,10,30,Tr,Tr,0.1,0.1,-,-,-,-
9038,（もずく類） もずく 塩蔵 塩抜き,,,3.23,0.8320000,0.00083799,40,1,0,2,900,20,220,120,20,7,3,0.1,0.3,-,-,-,-
15092,＜ビスケット類＞ ウエハース,,,10.47,2.6500000,0.00304037,4390,136,741,76,4800,760,210,90,630,6,4,1.4,2.3,-,-,-,-
7185,くこ 実 乾,,,,,,3870,41,753,123,5100,14000,470,770,1800,40,12,6.9,7.1,20,30,60,130
7132,マンゴー 生,,,4.856,2.2153846,0.002541123077,680,1,156,6,10,1700,150,120,120,2,1,0.8,1,0,0,0,0
10329,＜えび・かに類＞ （えび類） ブラックタイガー 養殖 生,,,28.784,1.7100000,0.0016008,770,3,3,184,1500,2300,670,360,2100,2,14,39,0.2,40,260,20,10
17128,＜香辛料類＞ にんにく ガーリックパウダー 食塩添加,,,9.8659,2.1700000,0.00244759,3820,8,738,199,33000,3900,1000,900,3000,66,25,5.7,11.7,10,100,20,70
13039,＜牛乳及び乳製品＞ （チーズ類） ナチュラルチーズ ブルー,,,35.729,7.7600000,0.00621359,3260,290,10,188,15000,1200,5900,190,4400,3,25,0.2,0.1,-,-,-,-
16043,＜茶類＞ （発酵茶類） 紅茶 茶,,,59.228,15.4000000,,2340,25,136,203,30,20000,4700,2200,3200,170,40,21,210,60,80,180,20
17086,＜調味料類＞ （しょうゆ類） こいくちしょうゆ 減塩,,,2.42,0.5520000,0.00064739,680,Tr,90,81,33000,2600,310,740,1700,21,9,Tr,11.7,10,100,30,840
6305,（らっきょう類） らっきょう りん茎 生,,,3.7229,0.4552941,,830,2,86,14,20,2300,140,140,350,5,5,0.6,4.5,10,10,0,140
6056,かんぴょう 乾,,,,,,2390,2,380,63,30,18000,2500,1100,1400,29,18,6.2,16,20,20,50,130
14015,（動物油脂類） 牛脂,,,1.62835,0.2440000,,8690,998,0,2,10,10,Tr,0,10,1,Tr,Tr,-,-,-,-,-
10100,＜魚類＞ （かれい類） まがれい 生,,,8.7,1.8100000,,890,13,1,196,1100,3300,430,280,2000,2,8,0.3,0.1,210,1100,0,0
18002,中国料理 点心類 ぎょうざ,,,,,,2090,113,208,69,4600,1700,220,160,620,6,6,0.7,2,10,50,10,40
7077,すいか 赤肉種 生,,,4.4333,1.0533333,,410,1,92,6,10,1200,40,110,80,2,1,0.3,0.3,0,0,0,10
11187,＜畜肉類＞ ぶた ［ソーセージ類］ セミドライソーセージ,,,53.807,8.0200000,,3350,297,29,169,12000,2400,340,170,2100,22,27,1.2,0.8,10,170,20,20
7146,ラズベリー 生,,,,4.6000000,,360,1,55,11,10,1500,220,210,290,7,4,1.2,5,-,-,-,-
6283,めキャベツ 結球葉 生,,,3.8,0.3150000,,520,1,44,57,50,6100,370,250,730,10,6,0.7,2.9,-,-,-,-
17048,＜調味料類＞ （みそ類） 豆みそ,,,2.69,1.1100000,0.00128457,2070,105,80,172,43000,9300,1500,1300,2500,68,20,6.6,-,310,190,90,640
12021,鶏卵 全卵 目玉焼き,,,,,,2050,176,3,148,1800,1500,600,140,2300,21,14,0.6,0.4,250,350,0,6
11067,＜畜肉類＞ うし ［輸入牛肉］ リブロース 脂身つき 生,,,95.3,12.9000000,0.01073696,2120,154,4,201,440,3300,40,200,1700,22,47,0.7,0.1,10,200,0,10
18040,洋風料理 カレー類 チキンカレー,,,,,,1310,88,72,56,5400,1700,200,130,580,7,5,0.6,1.5,10,20,10,20
15105,＜キャンデー類＞ キャラメル,,,12.379,,,4260,117,779,4,1100,1800,1900,130,1000,3,4,0.3,0.6,140,30,10,60
17125,＜調味料類＞ （その他） お茶漬けの素 さけ,,,,,,2510,37,336,202,130000,5600,720,550,2300,21,9,1.4,2.7,37000,270,20,120
15009,＜和生菓子・和半生菓子類＞ カステラ,,,8.8446,3.9500000,,3130,5,613,71,710,860,270,70,850,7,6,0.3,1,80,150,Tr,40
4065,ひよこまめ 全粒 乾,,,7.5711,1.0800000,,3360,52,452,200,170,12000,1000,1400,2700,26,32,8.4,-,10,110,10,1500
7013,いちご ジャム 高糖度,,,8.32,4.5800000,,2500,1,620,4,60,670,90,70,130,2,1,0.3,1.4,0,0,10,20
17098,＜調味料類＞ （調味ソース類） ごまだれ,,,,,,2820,151,262,72,17000,2100,2200,1000,2000,23,16,4.2,7.5,Tr,100,20,460
16053,＜その他＞ （炭酸飲料類） コーラ,,,3.3405,0.8260000,0.00120376,460,Tr,114,1,20,Tr,20,10,110,Tr,Tr,Tr,0,-,-,-,-
10319,＜えび・かに類＞ （えび類） あまえび 生,,,16.748,1.7100000,0.0016008,850,15,1,198,3000,3100,500,420,2400,1,10,4.4,0.2,180,330,Tr,10
4002,あずき 全粒 ゆで,,,5.6943,0.9860000,0.00163873,1240,8,169,86,10,4300,270,430,950,16,9,3,4.4,0,Tr,10,900
5031,マカダミアナッツ いり 味付け,,,,,,7510,767,60,83,1900,3000,470,940,1400,13,7,3.3,-,0,130,20,50
6354,ブロッコリー 芽ばえ 生,,,3.54,0.3870000,,180,6,8,19,40,1000,570,320,600,7,4,0.3,3.7,-,-,-,-
15117,＜果実菓子類＞ マロングラッセ,,,,,,3030,3,774,11,280,600,80,-,200,6,-,-,-,-,-,-,-
2028,＜でん粉・でん粉製品＞ （でん粉類） キャッサバでん粉,,,4.8105,1.0300000,0.00146559,3540,2,853,1,10,480,280,50,60,3,Tr,0.3,0.9,-,-,-,-
13028,＜牛乳及び乳製品＞ （発酵乳・乳酸菌飲料） 乳酸菌飲料 乳製品,,,1.95,0.9900000,0.00086746,640,1,164,11,180,480,430,50,300,Tr,4,Tr,-,60,10,0,10
4008,いんげんまめ 全粒 ゆで,,,8.1396,1.4300000,0.00284719,1270,12,109,93,Tr,4100,620,460,1400,20,10,3.2,8.4,0,Tr,Tr,270
13048,＜牛乳及び乳製品＞ （その他） カゼイン,,,1.95,1.6500000,,3580,15,0,862,100,20,260,30,1200,8,26,0.9,0.2,70,400,10,140
10354,＜いか・たこ類＞ （いか類） 加工品 さきいか,,,5.0371,2.2400000,,2680,31,173,455,27000,2300,230,820,4300,16,28,2.7,0.7,-,-,-,-
4007,いんげんまめ 全粒 乾,,,7.8053,1.4300000,0.00284719,2800,25,368,221,Tr,14000,1400,1500,3700,59,25,7.7,19.3,0,10,30,1100
10362,＜いか・たこ類＞ （たこ類） まだこ ゆで,,,6.2203,1.7200000,0.0015834,910,7,1,217,2300,2400,190,520,1200,2,18,4.3,0.4,80,280,10,10
15086,＜デザート菓子類＞ カスタードプリン,,,,,,1160,55,140,57,690,1300,810,90,1100,5,6,0.2,0.1,200,90,0,40
1041,こむぎ ［うどん・そうめん類］ 干しうどん 乾,,,5.89,0.6160000,,3330,11,695,85,17000,1300,170,190,700,6,4,1.1,5,0,100,10,120
17043,＜調味料類＞ （ドレッシング類） 半固形状ドレッシング マヨネーズ 卵黄型,,,16.274,5.9900000,0.0098731,6680,747,6,25,7700,210,200,30,720,6,5,0.2,0.2,90,80,10,20
6179,（とうもろこし類） スイートコーン 缶詰 クリームスタイル,,,12.651,0.5200000,,820,5,168,17,2600,1500,20,180,460,4,4,0.4,0.7,-,-,-,-
4019,そらまめ 全粒 乾,,,7.5711,1.0800000,,3230,20,466,260,10,11000,1000,1200,4400,57,46,12,-,0,30,10,2600
6050,（かぼちゃ類） 西洋かぼちゃ 果実 冷凍,,,6.2546,0.3980000,,750,3,143,22,30,4300,250,260,460,5,6,0.5,1.4,-,-,-,-
6012,（うど類） うど 茎 生,,,,,,190,1,29,8,Tr,2200,70,90,250,2,1,0.5,0.4,Tr,0,0,0
16050,＜その他＞ 甘酒,,,,,,760,1,179,17,600,140,30,50,210,1,3,0.5,1.7,-,-,-,-
6030,おかひじき 茎葉 生,,,4.7979,1.4166667,0.001345520833,160,2,90,14,560,6800,1500,510,400,13,6,1,6.6,-,-,-,-
10315,＜貝類＞ ほたてがい 貝柱 水煮缶詰,,,12.524,5.3400000,0.64555,870,6,15,195,3900,2500,500,370,1700,7,27,0.3,0.7,-,-,-,-
5008,ぎんなん 生,,,,,,1680,16,332,47,Tr,7100,50,480,1200,10,4,2.5,2.6,20,0,0,30
9051,ひじき ほしひじき ステンレス釜 ゆで,,,4.8601,1.3600000,0.0012917,110,3,3,7,520,1600,960,370,20,3,1,0.1,0.6,8600,Tr,10,10
6148,たかな たかな漬,,,9.2119,0.7630000,,300,6,22,19,16000,1100,510,130,240,15,2,0.6,0.9,10,Tr,20,160
6340,（トマト類） 加工品 トマトジュース 食塩無添加,,,5.0279,1.0300000,,180,1,33,7,80,2600,60,90,180,3,1,0.6,0.5,40,Tr,10,40
6258,（ふき類） ふきのとう 花序 生,,,,,,380,1,36,25,40,7400,610,490,890,13,8,3.6,2.3,-,-,-,-
4041,だいず ［豆腐・油揚げ類］ がんもどき,,,,1.4100000,0.00174948,2230,178,2,153,1900,800,2700,980,2000,36,16,2.2,13,320,40,80,600
6169,とうがらし 葉･果実 生,,,4.67,5.4250000,,320,1,15,34,30,6500,4900,790,650,22,4,1.2,4.3,-,-,-,-
6298,ようさい 茎葉 生,,,2.5431,0.3870000,,170,1,0,22,260,3800,740,280,440,15,5,2,10.7,-,-,-,-
10144,＜魚類＞ （さけ・ます類） たいせいようさけ 養殖 皮つき 生,,,15.111,6.5500000,0.0057967,2180,165,1,201,430,3700,90,270,2400,3,5,0.5,0.1,50,190,0,0
1115,こめ ［うるち米製品］ ビーフン,,,6.0888,1.9100000,0.00114502,3600,16,790,70,20,330,140,130,590,7,6,0.6,3.3,50,30,40,250
7102,パインアップル 缶詰,,,13.382,0.6390000,0.00168401,760,1,198,4,10,1200,70,90,70,3,1,0.7,15.8,-,-,-,-
1006,おおむぎ 押麦 乾,,,3.7,0.7690000,0.00137101,3290,15,661,67,20,2100,210,400,1600,11,11,2.2,8.6,0,10,0,110
15180,＜その他＞ チョコレートクリーム,,,32.566,7.4600000,,4810,32,467,46,2000,3100,1600,260,1500,6,6,1,0.7,100,20,60,40
1175,こむぎ ［パン類］ 角形食パン 耳を除いたもの,,,8.7818,2.4500000,0.00289658,2260,37,388,82,4400,780,200,160,610,4,4,0.8,2.3,10,200,10,120
10045,＜魚類＞ （いわし類） かたくちいわし 煮干し,,,1.2,1.6600000,0.00148383,2980,62,3,645,17000,12000,22000,2300,15000,180,72,3.9,-,-,-,-,-
17070,＜香辛料類＞ セージ 粉,,,9.5059,2.1700000,0.00244759,3770,101,669,64,1200,16000,15000,2700,1000,500,33,5.3,28.5,-,-,-,-
6152,たけのこ めんま 塩蔵 塩抜き,,,,,,150,5,1,10,3600,60,180,30,110,2,Tr,0.2,0.3,-,-,-,-
2045,＜いも類＞ （さつまいも類） さつまいも 塊根 皮つき 生,,,2.6044,0.0961224,0.0001508469388,1270,5,303,9,230,3800,400,240,460,5,2,1.3,3.7,10,0,0,50
7179,マンゴー ドライマンゴー,,,3.1564,0.5180000,,3390,7,785,31,10,11000,370,570,810,5,6,2,5.3,20,20,10,20
5002,アーモンド フライ 味付け,,,,,,6260,557,780,213,1000,7600,2400,2700,4900,35,31,8.7,22.4,0,10,60,320
2020,＜いも類＞ じゃがいも 塊茎 皮なし フライドポテト （市販冷凍食品を揚げたもの）,,,,,,2290,106,293,29,20,6600,40,350,480,8,4,1.5,1.9,-,-,-,-
1068,こむぎ ［ふ類］ 焼きふ 車ふ,,,,,,3610,34,516,302,1100,1300,250,530,1300,42,27,4.2,12.3,-,-,-,-
10086,＜魚類＞ （かつお類） かつお 春獲り 生,,,8.24,2.8300000,0.00156493,1080,5,1,258,430,4300,110,420,2800,19,8,1.1,0.1,110,430,0,0
1023,こむぎ ［小麦粉］ 強力粉 全粒粉,,,2.83,0.9300000,0.00136801,3200,29,570,128,20,3300,260,1400,3100,31,30,4.2,40.2,0,470,30,440
1147,こむぎ ［小麦粉］ プレミックス粉 から揚げ用,,,3.25,0.9300000,0.00136801,3110,12,674,102,38000,2800,1100,390,1300,12,7,1,9.6,10,60,60,230
7157,ココナッツ ココナッツウォーター,,,,,,220,1,50,2,110,2300,110,60,110,1,1,Tr,1.6,-,-,-,-
2025,＜いも類＞ （やまのいも類） ながいも やまといも 塊根 生,,,3.1443,0.0980000,0.0001510555556,1190,2,246,45,120,5900,160,280,720,5,6,1.6,2.7,10,10,0,40
2029,＜でん粉・でん粉製品＞ （でん粉類） くずでん粉,,,,1.0300000,0.00146559,3560,2,856,2,20,20,180,30,120,20,Tr,0.2,0.2,-,-,-,-
6117,せり 茎葉 生,,,,,,170,1,8,20,190,4100,340,240,510,16,3,1.5,12.4,-,-,-,-
7035,（かんきつ類） うんしゅうみかん 缶詰 果肉,,,14.486,0.8140000,0.00083281,630,1,148,5,40,750,80,70,80,4,1,0.2,0.3,-,-,-,-
6269,ほうれんそう 葉 冷凍,,,8.5928,0.9370000,0.0014759,220,3,1,29,1200,2100,870,510,460,12,5,1,8,10,Tr,70,150
6323,わさび わさび漬,,,6.4333,,,1400,5,253,71,10000,1400,400,160,720,9,11,1.5,3.8,-,-,-,-
18033,和風料理 煮物類 きんぴらごぼう,,,,,,840,45,81,14,3500,1500,360,250,370,5,4,0.9,1.6,0,10,0,30
7134,メロン 温室メロン 生,,,78.42,6.0000000,0.00559948,400,1,980,11,70,3400,80,130,210,3,2,0.5,0.4,0,20,10,40
11218,＜鳥肉類＞ にわとり ［若どり・主品目］ 手羽 皮つき 生,,,8.9223,1.7900000,0.00347325,1890,143,0,178,790,2200,140,170,1500,5,12,0.2,0,20,140,10,40
2054,＜いも類＞ ヤーコン 塊根 生,,,3.3293,0.1037647,0.0001599411765,520,3,1130,6,0,2400,110,80,310,2,1,0.7,0.7,-,-,-,-
14013,（植物油脂類） やし油,,,29.328,5.8300000,0.0069538,8890,1000,0,0,0,0,Tr,0,0,0,Tr,0,0,-,-,-,-
18018,洋風料理 コロッケ類 ポテトコロッケ,,,,,,2260,126,232,53,2800,2500,150,190,600,8,5,1.1,2,10,20,10,20
9045,わかめ 湯通し塩蔵わかめ 塩抜き 生,,,17.596,0.8980000,0.00081038,160,3,5,15,5300,100,500,160,300,5,2,0.4,0.3,8100,Tr,10,Tr
1148,こむぎ ［パン類］ ベーグル,,,11.561,4.7800000,0.00523032,2700,20,521,96,4600,970,240,240,810,13,7,1.1,4.5,-,-,-,-
11166,＜畜肉類＞ ぶた ［副生物］ 肝臓 生,,,1.2168,6.5000000,0.01070629,1140,34,25,204,550,2900,50,200,3400,130,69,9.9,-,10,670,0,1200
10084,＜魚類＞ （かじき類） まかじき 生,,,8.3005,2.9300000,0.00267022,1070,18,1,231,650,3800,50,350,2700,6,6,0.4,0.1,110,550,0,0
10358,＜いか・たこ類＞ （いか類） 加工品 塩辛,,,20.519,2.9600000,,1140,34,65,152,27000,1700,160,480,2100,11,17,19.1,0.3,-,-,-,-
10067,＜魚類＞ うなぎ 養殖 生,,,19.632,6.4400000,0.0057019,2280,193,3,171,740,2300,1300,200,2600,5,14,0.4,0.4,170,500,0,50
6049,（かぼちゃ類） 西洋かぼちゃ 果実 ゆで,,,4.712,0.3040000,,800,3,172,16,10,3400,220,240,370,3,3,0.7,0.7,Tr,0,-,60
13058,＜牛乳及び乳製品＞ （チーズ類） ナチュラルチーズ リコッタ,,,35.65,7.7600000,0.00621359,1590,115,67,71,1600,2100,3400,200,2000,1,3,0.2,Tr,-,-,-,-